sha,first_parent_index,date,author,is_merge,status,areas,files,insertions,deletions,subject,action
5568b8fc770ff310e5017300d561d8f3deec257c,1,2026-08-04T08:58:13+02:00,David Declerck,0,CI_ONLY_ACCOUNTED,ci,6,214,178,Fix and update CI,accounted (mechanical default)
568531bd417acf493158208426dc2ec346ca3fa1,2,2026-06-09T09:46:19+02:00,Nicolas Berthier,1,UPSTREAM_MERGE_ACCOUNTED,cobc;docs;other;tests,17,700,286,Merge remote-tracking branch 'upstream/gnucobol-3.x' into gitside-gnucobol-3.x,accounted (mechanical default)
a672a26b52b594bd0ebfdcfe0200613c572018d5,,2026-06-08T17:27:30Z,sf-mensch,0,FRONTEND_REIMPLEMENTED,cobc;other;tests,11,566,276,Fix handling of some special contexts  and provide room for more,Implement typed nested parser-context mechanism (ContextSet + stack with enter/leave guards  recovery cleanup  leak assertions); extend beyond 32 flags; match upstream accept/reject for CALL convention  CALL USING  REPOSITORY  EXIT  USAGE  TYPEDEF  SPECIAL-NAMES  VALIDATE STATUS  READY/RESET contexts
47dda86c0013505df0aae22a4f8bcbc420169e38,,2026-05-26T21:42:08Z,lefessan,0,FRONTEND_REIMPLEMENTED,cobc;docs;tests,7,134,10,Config option tab-width can receive a list of comma-separated widths,Implement -ftab-width=w1 w2 ... list semantics: each 1..12  last repeats indefinitely  malformed/empty/overflow lists fail with stable config errors; apply to fixed/free/auto formats  preprocessing  listing  diagnostics; repeated options follow upstream precedence
a3accbe7616ca8ffd61662af1072812ba65cd523,3,2026-05-19T12:04:14+02:00,Nicolas Berthier,1,UPSTREAM_MERGE_ACCOUNTED,libcob,4,11,6,Merge remote-tracking branch 'upstream/gnucobol-3.x' into gitside-gnucobol-3.x,accounted (mechanical default)
871f965fac8300d60c4f0f7d0a22574a4f9b64e9,4,2026-05-05T09:57:17+02:00,Simon Sobisch,0,CI_ONLY_ACCOUNTED,ci,5,108,99,workflow updates,accounted (mechanical default)
326ce553416e3d1ec35ad72f915b9ed15d9cfacd,5,2026-03-23T19:16:17+01:00,Simon Sobisch,0,CI_ONLY_ACCOUNTED,ci,1,2,2,windows-msvc: fix env var reference for dependencies,accounted (mechanical default)
02964e42e1fa1820210edae27116247ea96927e1,,2026-03-02T20:14:00Z,lefessan,0,RUNTIME_PORTED,libcob,4,11,6,Rename is_test to cob_is_test in libcob as it is an extern value,Rename the candidate runtime's exported is_test value to cob_is_test; update all references
253e5cc2602e6e420ff5a770f6f3d5b61aa9f94a,6,2026-01-27T14:49:45+01:00,David Declerck,1,UPSTREAM_MERGE_ACCOUNTED,cobc;config;docs;libcob;tests,12,445,29,Merge remote-tracking branch 'upstream/gnucobol-3.x' into gitside-gnucobol-3.x,accounted (mechanical default)
50b58f682700bdb1513f7b88769e1942fab73ef7,,2025-12-29T11:38:11Z,floschmidt,0,RUNTIME_PORTED,config;docs;libcob;tests,8,293,28,new COB_LOAD_GLOBAL boolean,Implement COB_LOAD_GLOBAL runtime configuration: determine upstream default and platform history; define interpreted-module equivalent distinguishing local vs global registry visibility; test preload  duplicates  CANCEL/reload  process isolation; keep native-DSO non-claim
9e0d66418efce0cfd7a429b4cd0ef1c0be2b3204,,2025-12-29T11:35:34Z,rbolwer,0,FRONTEND_REIMPLEMENTED,cobc;tests,4,152,1,cobc/tree.c (finalize_file): if file is EXTFH enabled then don't warn for ORGANIZATION INDEXED  even when compiler is configured --without-db,Suppress the ORGANIZATION INDEXED warning when the file is EXTFH-enabled (candidate checker must not warn where upstream does not)
3457bd5def5e23e0dcda2bf82a0665ff40065249,7,2025-12-24T15:10:06+01:00,Simon Sobisch,0,CI_ONLY_ACCOUNTED,ci,1,9,5,MSVC CI update,accounted (mechanical default)
fb8f358e91ce2c5bf2e1d5e040507df22a8d364b,8,2025-12-12T11:17:29+01:00,Simon Sobisch,0,CI_ONLY_ACCOUNTED,ci,1,0,2,Update windows-msvc.yml,accounted (mechanical default)
da31b9286647245a5c4ac39c021a7ac231ce6771,9,2025-12-08T12:04:46+01:00,David Declerck,1,UPSTREAM_MERGE_ACCOUNTED,build;cobc;config;docs;libcob;tests,31,1150,297,Merge remote-tracking branch 'upstream/gnucobol-3.x' into gitside-gnucobol-3.x,accounted (mechanical default)
34efe755f6f4d6a8d3b9f2158609917ad21ece5d,,2025-12-06T01:59:21Z,sf-mensch,0,TEST_IMPORTED,tests,7,98,81,test update,Adopted by the current-upstream suite lane (test update)
c4eea8102820f2d9becd2572a0f0b16edbb557d7,,2025-12-05T19:07:40Z,sf-mensch,0,FRONTEND_REIMPLEMENTED,cobc;tests,3,35,1,fix areacheck - ENTRY statement should begin in area B not area A,Fix area-check: ENTRY statement must begin in area B  not area A (candidate checker area validation)
4b72d0a9faac66b05e149d0b33d75a589f8863c9,,2025-12-04T15:55:25Z,sf-mensch,0,RUNTIME_PORTED,cobc;libcob;tests,11,222,79,improve memory handling in edge-cases,Improve memory handling in edge cases: port any observable bounds/state fixes; adopt tests
bc234cd17f19637098182f29c4062dba23bfc7d7,10,2025-12-03T23:27:38+01:00,David Declerck,0,CI_ONLY_ACCOUNTED,ci,1,1,1,Adjust MSYS2 CI timeout,accounted (mechanical default)
1fc514e9d166e606d56b3ab71043060532999b6a,11,2025-12-03T17:16:43+01:00,Simon Sobisch,1,UPSTREAM_MERGE_ACCOUNTED,ci,2,2,5,Merge pull request #256 from ddeclerck/fix_ci,accounted (mechanical default)
a98fcd30cef7d8eb7fd77307c62409b292ea0368,,2025-11-20T14:05:15+01:00,David Declerck,0,CI_ONLY_ACCOUNTED,ci,2,2,5,Fix CI,accounted (mechanical default)
39ab4808c7e5365330c4d386db3a8e8fba391e5f,,2025-12-02T20:17:48Z,sf-mensch,0,WRAPPER_INTEGRATED,cobc;docs;tests,6,160,31,listing header change: basename only,Listing header must show the basename only (candidate listing generation)
2c092ca140b49bc39289ed3ad72953c2a329b0dd,,2025-11-27T09:19:12Z,nberth,0,FRONTEND_REIMPLEMENTED,cobc;tests,4,64,40,check for terminating periods at the end of SET directives,Check for terminating periods at the end of SET directives; accept/reject and diagnose per upstream
deeadffbafb72a931c3aa5580e3995fee58e1d77,12,2025-11-20T22:41:21+01:00,Simon Sobisch,0,CI_ONLY_ACCOUNTED,ci,1,7,0,Update windows-msvc.yml,accounted (mechanical default)
a207a45955ec1b1932e994fcc4db12677963d19a,,2025-11-20T21:19:12Z,sf-mensch,0,RUNTIME_PORTED,build;config;docs;libcob;tests,13,289,30,new runtime configuration COB_SIGNAL_REGIME  allows skipping registration of the signal handler,Implement COB_SIGNAL_REGIME: valid values; registration policy (do-not-register / register-only-if-unclaimed / any other admitted modes); do not clobber external handlers; Unix coverage; classify unsupported platforms; async-signal-safe; runtime reporting
f49bf5314302dfa36e0cc260a8e03d9f09ef4214,,2025-11-20T14:02:25Z,sf-mensch,0,CONFIGURATION_INTEGRATED,build;docs,2,59,10,configure adjustments,None: configure adjustments are native build infra
d28f9fab8e2712918ec0c15ef1d1fc476be4bcb9,13,2025-11-20T13:52:31+01:00,Simon Sobisch,1,UPSTREAM_MERGE_ACCOUNTED,ci,5,6,6,Merge pull request #255 from nberth/update-ci-branch,accounted (mechanical default)
8d7308d9284981a3f05dfae839eaafd6ba1b0160,,2025-11-20T11:36:36+01:00,Nicolas Berthier,0,CI_ONLY_ACCOUNTED,ci,5,6,6,Change name of main branch in CI workflows,accounted (mechanical default)
eda8905e440494b7b0bb9cb47ea1bbcc3f4a5971,14,2025-11-19T08:45:44+01:00,Simon Sobisch,0,CI_ONLY_ACCOUNTED,ci,1,60,38,Improve MSYS1 workflow definition,accounted (mechanical default)
b1275d4ee475cadf3a5e59c335a283108c481164,15,2025-11-19T08:40:15+01:00,Simon Sobisch,0,CI_ONLY_ACCOUNTED,ci,1,12,8,Fix MacOS workflow,accounted (mechanical default)
13963e15a2da604b7a0392a06f9a8ec81db9bf04,,2025-11-18T14:00:48Z,rbowler,0,WRAPPER_INTEGRATED,cobc;tests,3,180,23,ensure full output for -ftcmd using multiple continuation lines as necessary,-ftcmd listing output must continue across multiple lines instead of truncating (candidate listing generation)
b836c467e7ed3d93b87ffba1ca299846ca734043,,2025-11-18T13:36:09Z,oguzcankirmemis,0,RUNTIME_PORTED,libcob;tests,6,117,76,cleanup memory handling in libcob for restart,Cleanup memory handling in libcob for restart: port module-restart state cleanup semantics
5e45c5e64f37049789fe83ed4ea41a9fa13a2155,16,2025-11-18T07:54:09+01:00,Simon Sobisch,1,UPSTREAM_MERGE_ACCOUNTED,build;tests,4,10,13,Merge pull request #254 from OCamlPro/gnucobol-3.x,accounted (mechanical default)
a3d9d6435401a2893c862e41b4dbc956796e8c35,,2025-11-18T06:30:03Z,sf-mensch,0,HARNESS_ADOPTED,build;tests,4,10,13,drop bashisms in atlocal.in and pre-inst-env.in,Adopt the bashism removal in the candidate testsuite harness
31ba95f7a4c3c8711ce748c3b4d622df8092a79d,17,2025-11-18T00:00:44+01:00,Simon Sobisch,1,UPSTREAM_MERGE_ACCOUNTED,build;cobc;docs;libcob;other;tests,26,910,435,Merge pull request #253 from OCamlPro/gnucobol-3.x,accounted (mechanical default)
8dd5b382cf01cf81a52fcebf71b6b3afe117d17d,,2025-11-17T21:34:51Z,sf-mensch,0,HARNESS_ADOPTED,build;docs;other;tests,10,181,77,quoting adjustments for use of builddir,Adopt the builddir quoting adjustments in the candidate testsuite harness
bc5c13b27467cdd64aed63f7850a73ba6c83ec1b,,2025-11-14T15:33:32Z,sf-mensch,0,NOT_APPLICABLE_WITH_PROOF,build;cobc;docs;libcob,7,41,8,portability updates,None: C portability updates
40ea3891c102db606464e3f1b1a49e206f312534,,2025-11-12T21:58:42Z,sf-mensch,0,DOCUMENTATION_TRACKED,docs;other,7,147,68,doc update,Track only: README/docs refresh
0359d0a78f103046d6dc289ad4f40dbea28c671e,,2025-11-12T21:53:09Z,sf-mensch,0,BLOCKED_BY_NATIVE_ARTIFACT_BOUNDARY,libcob,2,30,19,XML and JSON updates,Track only: XML and JSON updates (native libxml2/json-c backend)
bf0b5878a89808fc749023c063dfccc8887ffb09,,2025-11-12T17:13:57Z,sf-mensch,0,BLOCKED_BY_NATIVE_ARTIFACT_BOUNDARY,cobc;libcob;other;tests,7,526,278,XML and JSON updates,Track only: XML and JSON updates (native backend)
db111f65bd01b954e8b83f0c5dd1d1c1e3f13254,18,2025-11-06T11:21:38+01:00,Simon Sobisch,1,UPSTREAM_MERGE_ACCOUNTED,tests,3,144,107,Merge pull request #251 from OCamlPro/gnucobol-3.x,accounted (mechanical default)
d877fb362d20abcbf9914d9709f493791a985d22,,2025-10-31T08:52:40Z,sf-mensch,0,HARNESS_ADOPTED,tests,3,144,107,test runner: perf record addition and quote-fix,Adopt perf-record support and quote fixes in the candidate test runner
1fb152e8b536377f1902b5672ed9aa84d773db07,19,2025-10-21T14:12:22+02:00,David Declerck,1,UPSTREAM_MERGE_ACCOUNTED,build;cobc;config;libcob;other;tests,24,495,206,Merge remote-tracking branch 'upstream/gnucobol-3.x' into gcos4gnucobol-3.x,accounted (mechanical default)
5bb0fbe1bb594dcfea7e6aa904b38f30b9fbb854,,2025-10-21T09:11:38Z,ddeclerck,0,RUNTIME_PORTED,libcob;tests,3,95,9,Fix CHAR and ORD intrinsics in presence of collating sequence libcob: * intrinsic.c (cob_intr_char  cob_intr_ord): consider the program collating sequence in CHAR and ORD * intrinsic.c (cob_intr_char): raise COB_EC_ARGUMENT_FUNCTION when calling CHAR with an argument outside the collation range,CHAR and ORD intrinsics must consider the program collating sequence; CHAR outside collation range raises COB_EC_ARGUMENT_FUNCTION
94efcf21578847415cf1338d9569bcda4255bee5,20,2025-10-20T19:26:54+02:00,David Declerck,0,CI_ONLY_ACCOUNTED,ci,3,12,1,Fix CI,accounted (mechanical default)
23f8503529f02002876d1cc9c99ae0f4cc017355,,2025-10-17T20:32:16Z,sf-mensch,0,FRONTEND_REIMPLEMENTED,cobc,1,14,14,improve SD syntax checks and error recovery,Improve SD (sort description) syntax checks and error recovery
277a07c2ee9c9a5302fe9a07c249ed55cfdfd5bc,,2025-10-17T20:31:44Z,sf-mensch,0,FRONTEND_REIMPLEMENTED,cobc;libcob;tests,6,164,80,improve SD syntax checks and error recovery,Port the SD syntax-check behavior plus its tests; ensure no hang on malformed SD
7b324f50ebbb05f4c56838e21112a0f8544c6488,,2025-10-05T19:27:50Z,sf-mensch,0,FRONTEND_REIMPLEMENTED,cobc;config;other;tests,10,170,70,parser cleanup and better handling of incomplete code,Parser cleanup + better handling of incomplete code: bounded recovery  no hangs  deterministic diagnostics
94c8c561555ad6424a38aebe4c430b13f1ff0103,,2025-09-17T19:21:39Z,sf-mensch,0,HARNESS_ADOPTED,build;other;tests,9,52,33,fix #1142 build system support for embeded paths,Adopt build-system support for embedded paths in the candidate harness
f50ab5754982d376315d2eae768f5da29ba7bccb,21,2025-07-31T17:51:25+02:00,David Declerck,1,UPSTREAM_MERGE_ACCOUNTED,ci;cobc;libcob;tests,28,714,560,Merge remote-tracking branch 'upstream/gnucobol-3.x' into gcos4gnucobol-3.x,accounted (mechanical default)
f4ffd50ecd2497ee1d4f45a6e5d6ab42b8c9e573,,2025-07-30T18:42:59Z,sf-mensch,0,FRONTEND_REIMPLEMENTED,cobc;tests,9,195,54,reserved word handling and trace update,Reserved-word handling update + trace update: adopt the changed reserved-word set and trace output
8954b5fc10e63ce3029297822cf8e5628cd7d1d4,,2025-07-30T12:01:34Z,ddeclerck,0,RUNTIME_PORTED,cobc;libcob;tests,18,516,502,Code and testsuite cleanup,Port the observable effects of the code cleanup across move/screenio/termio/mlio/fileio; adopt the updated tests (data_display  run_accept  run_extensions  run_file  run_manual_screen  run_misc  run_returncode  syn_*)
f8a1a5c2766c4c346860a864b0c9d0f857728926,22,2025-07-30T00:54:08+02:00,David Declerck,0,CI_ONLY_ACCOUNTED,ci,1,112,0,Add IBM POWER and Z CI,accounted (mechanical default)
33057ad3e0521b9387647232b4dbdb7e86449cb3,23,2025-07-30T00:51:46+02:00,David Declerck,0,CI_ONLY_ACCOUNTED,ci,1,6,6,Update MacOS CI (DB4 removal imminent),accounted (mechanical default)
d8bd3f3a02c85392bf1898cab981d37146c94e67,24,2025-07-29T09:46:23+02:00,David Declerck,0,CI_ONLY_ACCOUNTED,ci,1,1,1,Adjust MSYS2 workflow timeout (was slightly too short),accounted (mechanical default)
adf35557a63adf7a36be9f9a14a4f8cf450b5611,25,2025-07-29T09:12:27+02:00,David Declerck,1,UPSTREAM_MERGE_ACCOUNTED,bin;build;cobc;docs;libcob;m4;other;tests,37,2464,1291,Merge remote-tracking branch 'upstream/gnucobol-3.x' into gcos4gnucobol-3.x,accounted (mechanical default)
26a5cba4eda9d8cee02878a2f745a808b9b47a48,,2025-07-29T05:25:46Z,sf-mensch,0,CONFIGURATION_INTEGRATED,m4,1,274,0,missing file in r5552 from gettext infrastructure update,None: iconv.m4 gettext update is native build infra
7fef5fde70afd9f865578cf20420566bb891a609,,2025-07-28T20:48:59Z,sf-mensch,0,NOT_APPLICABLE_WITH_PROOF,bin;build;cobc;docs;libcob;m4;other;tests,36,2190,1291,c89/c23 compat and hardening adjustments  along with updated gettext infrastructure,None: C89/C23 source-compat and hardening plus gettext autotools infrastructure are native C build concerns
a006789fa627f40c7c0d91144354d59f45ecd8d9,26,2025-07-21T13:50:30+02:00,David Declerck,1,UPSTREAM_MERGE_ACCOUNTED,libcob,1,11,2,Merge remote-tracking branch 'upstream/gnucobol-3.x' into gcos4gnucobol-3.x,accounted (mechanical default)
9d87cdbab8824674dd5c3cdf24ab34835e4fce75,,2025-07-17T20:13:53Z,sf-mensch,0,NOT_APPLICABLE_WITH_PROOF,libcob,1,11,2,libcob/mlio.c: cater for libxml2 ABI break with LIBXML_VERSION >= 21200 by providing a check and definition of sax error handler with the old ABI,None: libxml2 ABI compatibility shim is native-library-specific
a4be0beded8f1a0fd5f941ace568d9dde397462c,27,2025-07-17T19:51:31+02:00,Simon Sobisch,1,UPSTREAM_MERGE_ACCOUNTED,build;cobc;config;docs;libcob;other;tests,39,2952,515,Merge pull request #235 from OCamlPro/gnucobol-3.x,accounted (mechanical default)
3dd1d88da6ff57acf462a392763118069b2c5670,,2025-07-17T17:09:04Z,sf-mensch,0,BLOCKED_BY_NATIVE_ARTIFACT_BOUNDARY,cobc;docs;libcob,16,1119,259,initial (unfinished) support for XML PARSE,Track only: initial XML PARSE support is unfinished upstream and depends on the native XML backend
1fc700cc0cd9f1e55f011c8c6060c163e4369ddf,,2025-07-17T13:48:22Z,sf-mensch,0,NOT_APPLICABLE_WITH_PROOF,cobc;tests,7,27,22,c89 compat adjustments,None: C89 compatibility adjustments for the C compiler
ec76b500bb4f46cf30bbbee5b638c3cfa4f31b55,,2025-06-03T11:40:28Z,sf-mensch,0,NOT_APPLICABLE_WITH_PROOF,docs;libcob;tests,7,1274,1354,first VFILE update,None: VFILE is a native file backend (Microfocus/Fujitsu virtual file system)
410097c16722c3750abc1e533042b24e3c8fe727,,2025-06-03T06:17:41Z,chaat,0,NOT_APPLICABLE_WITH_PROOF,config;docs;libcob;other;tests,11,1551,4,NEW CBL functions for VFILE functionality consistent with Microfocus / Fujitsu,None: CBL_* VFILE functions depend on the native VFILE backend
a5253353db128332c515aac0d601b491194da1f2,,2025-06-02T08:17:50Z,sf-mensch,0,NOT_APPLICABLE_WITH_PROOF,build;cobc;docs;libcob;tests,15,294,176,portability fixes (and more),None: C portability fixes across the native build
eb8536cfcd335924e92af7aac7f2b3d6fd94b78b,,2025-05-26T08:57:17Z,ddeclerck,0,RUNTIME_PORTED,cobc;libcob,2,5,1,follow up to [r5531]: further adjustemnts to date computation from epoch,Apply the further date-from-epoch adjustments (final state of the family)
d3a3a3e6102fbb39cdfa84ba321c57abfe531916,28,2025-05-22T17:21:40+02:00,Simon Sobisch,1,UPSTREAM_MERGE_ACCOUNTED,ci,1,87,1,Merge pull request #232 from ddeclerck/add_32bit_ci,accounted (mechanical default)
b57d2f3b36e3e69ab29110280b34377db60e6a99,,2025-05-21T17:58:52+02:00,David Declerck,0,CI_ONLY_ACCOUNTED,ci,1,87,1,Add 32-bit Ubuntu workflow,accounted (mechanical default)
946f3e638c8f1d7c25abc098275faf515869e493,,2025-05-22T14:45:55Z,ddeclerck,0,RUNTIME_PORTED,libcob;tests,6,20,37,Simplify and fix computation of dates from epoch cobc: * common.c (cob_set_date_from_epoch): simplification  which also fixes incorrect conversion of epoch (was off by one day) tests: * atlocal.in  atlocal_win: set TZ=UTC globally to help get a reproducible output,Fix epoch date conversion (was off by one day) in the candidate date routines; adopt TZ=UTC global test environment
1b2c19e0cae884bdeff36d30a674434b5ca7b345,29,2025-05-20T09:32:35+02:00,David Declerck,1,UPSTREAM_MERGE_ACCOUNTED,build;cobc;libcob;other;tests,14,102,166,Merge remote-tracking branch 'upstream/gnucobol-3.x' into gcos4gnucobol-3.x,accounted (mechanical default)
486565722c48b21b50165f61e830442e1d5d97ad,,2025-05-20T07:00:13Z,ddeclerck,0,RUNTIME_PORTED,build;cobc;libcob;other;tests,14,102,166,Limit sed usage in testsuite  remove listing-sed cobc: * cobc.c (set_compile_date): fix SOURCE_DATE_EPOCH being ignored on subsequent invocations libcob: * common.c (cob_set_date_from_epoch): fix incorrect conversion of epoch (was off by one day) tests: * testsuite.src/run_misc.at  testsuite.src/syn_misc.at: reduce the use of sed by using SOURCE_DATE_EPOCH when possible and using @&t@ quadrigraphs in expected output with trailing spaces * listing-sed.sh: removed as no longer needed * atlocal.in  atlocal_win: remove the no longer needed UNIFY_LISTING variable,Fix SOURCE_DATE_EPOCH being ignored on subsequent invocations; fix epoch conversion; remove listing-sed dependency from harness
0e2b41f2c63b3f3aa714c3e5c456d1f03884e5e7,30,2025-05-16T12:10:26+02:00,David Declerck,0,CI_ONLY_ACCOUNTED,ci,2,58,57,CI adjustments,accounted (mechanical default)
8c96392229ca61ff15c04b89b550d42930d0e3e5,31,2025-05-15T09:59:58+02:00,OCP David Declerck,1,UPSTREAM_MERGE_ACCOUNTED,ci,4,625,471,Merge pull request #226 from ddeclerck/gc3_ci_update,accounted (mechanical default)
d90e2850e1ed0d52535562848388f150d9c37838,,2025-04-18T11:57:10+02:00,David Declerck,0,CI_ONLY_ACCOUNTED,ci,4,625,471,Update CIs,accounted (mechanical default)
dca6c3e5ec0b2670bd5f9d290c0380389af571ab,32,2025-05-13T16:36:34+02:00,David Declerck,1,UPSTREAM_MERGE_ACCOUNTED,build;docs;tests,13,125,93,Merge remote-tracking branch 'upstream/gnucobol-3.x' into gcos4gnucobol-3.x,accounted (mechanical default)
da5c185222c78dbb2badb1f9dc209726db2fdb2e,,2025-05-13T14:29:49Z,ddeclerck,0,HARNESS_ADOPTED,build;docs;tests,13,125,93,Testing and overriding the diff command * configure.ac: testing working diff with the option to override by DIFF tests: * atlocal.in  atlocal_win  cobol85/Makefile.am  cobol85/Makefile.module.in  testsuite.src/*.at: use the new DIFF variable to invoke the diff command,Adopt DIFF-override support in the candidate testsuite harness
84359ec81a15b7a0e58397ee37c4c5ed4889e7ab,33,2025-04-16T10:25:43+02:00,David Declerck,1,UPSTREAM_MERGE_ACCOUNTED,build_windows;ci;cobc;docs;libcob;tests,19,582,168,Merge remote-tracking branch 'upstream/gnucobol-3.x' into gcos4gnucobol-3.x,accounted (mechanical default)
79c65d0ecf1a0752e96939979fe0b4210e960e36,,2025-04-16T08:14:05Z,ddeclerck,0,FRONTEND_REIMPLEMENTED,build_windows;cobc;docs;libcob;tests,15,530,147,Fix [bugs:#948]: comparison with HIGH-VALUE in presence of collating sequences cobc: * tree.h (cb_program): add low_value and high_value fields to hold the low and high values used by the program collating sequence * tree.c (cb_build_program): initialize the low_value and high_value fields to reasonable default values * typeck.c: replace hard-coded cob_refer_ascii and cob_refer_ebcdic by ebcdic_to_ascii and ascii_to_ebcdic * typeck.c (cb_validate_collating): set the program's low_value and high_value fields * typeck.c (validate_alphabet): use the new tables  set the alphabet's low and high values * cobc.h: export the new symbols defined in typeck.c * cobc.c (process_command_line): always load the collating table * scanner.l (scan_ebcdic_char): remove code that loads and use a local collating table  use the table defined in typeck.c instead * codegen.c: replace hard-coded 0 and 255 / 0xff contants with the low_value and high_value fields where appropriate * codegen.c (output_low_value  output_high_value): move the cob_all_low and cob_all_high fields from global to local * codegen.c (output_collating_tables): remove local tables and code that loads the tables  since they are now loaded from cobc.c libcob: * strings.c: use the collating_sequence field of cob_module to determine the low value instead of the hard-coded constant '\0',Program-level low/high collating values: compute per-program collating low/high in the frontend; runtime comparison (HIGH-VALUE / LOW-VALUE in presence of collating sequences) uses them
dc0cddebe0f026adbe27e82f83563a9c88b58510,,2025-04-15T07:44:20Z,ddeclerck,0,WRAPPER_INTEGRATED,cobc;docs;tests,7,51,16,Fixes to the dependency generation feature introduced by [r5345] cobc: * cobc.c (process_filename): ensure we don't keep the preprocessed file when using -M or -fcopybook-deps * cobc.c  cobc.h  help.c  pplex.l: make -fcopybook-deps an experimental feature  activable with the EXPERIMENTAL_COPYBOOK_DEPS_OPTION flag,Fix -M/-fcopybook-deps behavior: do not keep the preprocessed file; gate -fcopybook-deps behind the experimental option; adopt tests
cdb87a8b3aa9125dc9f008da02fa20d4f75ca6db,34,2025-04-07T16:35:35+02:00,David Declerck,1,UPSTREAM_MERGE_ACCOUNTED,tests,1,11,4,Merge remote-tracking branch 'upstream/gnucobol-3.x' into gcos4gnucobol-3.x,accounted (mechanical default)
f2106ff244e7c6495df0d1fd6060b5e83f5ee937,,2025-04-07T14:09:49Z,ddeclerck,0,TEST_IMPORTED,tests,1,2,0,Follow-up to r5473 - add missing comment,Adopted by the current-upstream suite lane (comment-only follow-up)
0a761c9fa42cbf4cc01aa5127e21c94991b44ef5,,2025-04-04T16:22:15Z,ddeclerck,0,TEST_IMPORTED,tests,1,9,4,Fix SIGTERM test randomly failing in tests/testsuite.src/used_binaries.at,Adopted by the current-upstream suite lane (SIGTERM test flake fix)
c48824511397f644b2ac2f90e416a40992c11eab,35,2025-03-31T22:51:51+02:00,David Declerck,1,UPSTREAM_MERGE_ACCOUNTED,build;build_windows;ci;cobc;config;docs;tests,36,446,66,Merge remote-tracking branch 'upstream/gnucobol-3.x' into gcos4gnucobol-3.x,accounted (mechanical default)
54d4963026a1279a6fc5c2cff3dbd6a53f92dee5,,2025-03-31T20:44:57Z,ddeclerck,0,NOT_APPLICABLE_WITH_PROOF,build;build_windows;cobc;config;docs;tests,34,431,61,Add an EBCDIC/ASCII table generation feature build_windows: * general for cobc: include new gentable.c cobc: * gentable.c: generate EBCDIC/ASCII translation tables * cobc.c  help.c: new --gentable option doc: * gnucobol.texi: document the new --gentable option,None: --gentable generates native C translation tables (EBCDIC/ASCII)
0cb3eab5945e9b59da8ff5eb77cc45a258f21b5d,36,2025-03-28T16:10:59+01:00,David Declerck,1,UPSTREAM_MERGE_ACCOUNTED,bin;build;cobc;docs;other;tests,16,412,1721,Merge remote-tracking branch 'upstream/gnucobol-3.x' into gcos4gnucobol-3.x,accounted (mechanical default)
aa297a7c6743706ba777dc0c86cd781c5540a899,,2025-03-27T22:29:20Z,sf-mensch,0,CONFIGURATION_INTEGRATED,build;docs,2,46,21,build update,None: autotools build update
3f99dba4743214d4a44e2d7b6cd177aa1b343e2d,,2025-03-26T20:49:19Z,sf-mensch,0,NOT_APPLICABLE_WITH_PROOF,bin;build;cobc;docs;other;tests,16,366,1700,minor  mostly build updates,None: minor mostly-autotools build updates
080e75630cc4ba2635abd32b62721a05bf0ac357,37,2025-03-26T11:14:00+01:00,David Declerck,1,UPSTREAM_MERGE_ACCOUNTED,cobc,1,0,4,Merge remote-tracking branch 'upstream/gnucobol-3.x' into gcos4gnucobol-3.x,accounted (mechanical default)
140aed5814bc75e5a23a3685645c07a5589a9116,,2025-03-03T15:54:41Z,ddeclerck,0,NOT_APPLICABLE_WITH_PROOF,cobc,1,0,4,Remove erroneous ifdef/define in replace.c,None: removes an erroneous ifdef/define in the C replace.c
85c708085fadde0bf8696d9461bebb3f48f830f5,38,2025-02-16T19:34:04+01:00,David Declerck,1,UPSTREAM_MERGE_ACCOUNTED,cobc;docs;tests,11,214,29,Merge remote-tracking branch 'upstream/gnucobol-3.x' into gcos4gnucobol-3.x,accounted (mechanical default)
bba2a4ee7a73b04a1ee7cbf65c2fbaa8e77eb303,,2025-02-16T18:03:02Z,ddeclerck,0,WRAPPER_INTEGRATED,cobc,2,2,2,Display the help text of -fwinmain on both Win32 and Cygwin,Show -fwinmain help text on both Win32 and Cygwin in cobc-rs help output
8a7c349d13ad4484f1ba07ad9add8d88fa115351,,2025-02-12T16:50:13Z,ddeclerck,0,FRONTEND_REIMPLEMENTED,cobc;docs;tests,10,212,27,FR #176: 'Implementation of GC directive to include .h (c/c++) files' cobc: * pplex.l  ppparse.y  cobc.h  codegen.c (output_gnucobol_defines): new >>IMP INCLUDE directive to include one or multiple header files in the generated C code (same behavior as the --include but with one directive per file) * scanner.l: the leading space for all internal directives is removed in the lexer. Source previously preprocessed may need to be adjusted,Implement the >>IMP INCLUDE directive (include .h/.c++ headers) at the preprocessing level; adopt the scanner change (leading space removed for internal directives)
369eb24f947e4534c58c60a74ebfd7e546c3663c,39,2025-02-12T15:10:21+01:00,David Declerck,1,UPSTREAM_MERGE_ACCOUNTED,build;ci;docs,3,47,9,Merge remote-tracking branch 'upstream/gnucobol-3.x' into gcos4gnucobol-3.x,accounted (mechanical default)
6cc5a5803005ac5cba97f470a36df6b2bfe65de6,40,2025-02-11T23:43:54+01:00,Simon Sobisch,1,UPSTREAM_MERGE_ACCOUNTED,ci,1,11,7,Merge pull request #217 from ddeclerck/fix_msys2_ci,accounted (mechanical default)
f88c80ee1363f7620c4f5af0339bad0a08e4c22e,,2025-02-11T16:10:45+01:00,David Declerck,0,CI_ONLY_ACCOUNTED,ci,1,11,7,Fix MSYS2 CI,accounted (mechanical default)
7824bb9f16e4d98ccacce2952e9aedbac57c5013,,2025-02-11T16:26:17Z,sf-mensch,0,CONFIGURATION_INTEGRATED,build;docs,2,40,8,configure cleanup,None: configure cleanup is native build infra
c265f251f14fe3c7e19bc96a49a318fa52d622a6,,2025-02-11T15:35:10Z,ddeclerck,0,CONFIGURATION_INTEGRATED,build;docs,2,7,0,Fix configure.ac for Clang * configure.ac: add -Wno-unused-command-line-argument to CFLAGS under Clang  to prevent some features to be mistakenly detected as missing (in particular -Wno-pointer-sign and -fstack-clash-protection),None: configure.ac Clang flag is native build infra
3fb682569d9e1c69eba2a577d0a4e78bffb877ec,41,2025-01-28T12:13:32+01:00,David Declerck,0,CI_ONLY_ACCOUNTED,ci,1,1,0,Fix MacOS CI,accounted (mechanical default)
6698c4bf0e946ad827310d6e15f01fab95f0f918,42,2025-01-19T21:48:16+01:00,David Declerck,0,CI_ONLY_ACCOUNTED,ci,1,4,1,Fix Ubuntu CI (Coverage),accounted (mechanical default)
beeace4cded313a1404dbd58ce83f00a753bb866,43,2025-01-13T23:33:14+01:00,David Declerck,1,UPSTREAM_MERGE_ACCOUNTED,cobc;config;docs;tests,9,81,18,Merge remote-tracking branch 'upstream/gnucobol-3.x' into gcos4gnucobol-3.x,accounted (mechanical default)
23b5446c13ed379d4928b051c0fa576a2d72b67c,,2025-01-13T14:03:35Z,ddeclerck,0,NOT_APPLICABLE_WITH_PROOF,cobc,1,4,4,Fix bad typeck.c indentation introduced by [r5112],None: indentation-only fix in C typeck.c
87500ead47bd937ee0388619be4aa1dc51245e1b,,2025-01-10T16:57:32Z,sf-mensch,0,FRONTEND_REIMPLEMENTED,cobc;config;tests,5,68,13,fixed [bugs:#961]: Nested Elements Mishandled Despite 'with attributes' Specification,Fix nested-element handling with the 'with attributes' specification (SCREEN SECTION data-name qualification)
a2e4627e6a485aaf61a42f1e68052b6a26d5770f,,2025-01-10T15:28:51Z,ddeclerck,0,CONFIGURATION_INTEGRATED,config,2,6,2,[GCOS dialect] Set init-justify to no * config/gcos-strict.conf: set init-justify to no after testing on GCOS,Adopt init-justify=no for the GCOS-strict dialect (applied by the gcos-strict.conf custody refresh)
2f58e5ff7c5ab744ca464118e2f1fca21534cc7b,,2025-01-09T16:39:56Z,ddeclerck,0,DOCUMENTATION_TRACKED,docs,2,6,2,Fix documentation generation * doc/cbrunt.tex.gen: fix for missing '@end verbatim',accounted (mechanical default)
731b81a327fe7108ca28d024a5ca13c9457dbcdc,44,2025-01-07T11:39:37+01:00,David Declerck,1,UPSTREAM_MERGE_ACCOUNTED,libcob;tests,3,72,5,Merge remote-tracking branch 'upstream/gnucobol-3.x' into gcos4gnucobol-3.x,accounted (mechanical default)
47ec5f5134164948f766106f6e3fc9934e36a2fd,,2025-01-06T13:21:16Z,ddeclerck,0,NOT_APPLICABLE_WITH_PROOF,libcob;tests,3,72,5,Improve handling of partial keys * libcob/fileio.c (indexed_start_internal): improve handling of partial keys  to ensure BDB always compares keys of identical length,None: BDB indexed partial-key comparison
c4fbcc3050ad75de0b4736483cb1e3bb6c342971,45,2025-01-03T11:48:12+01:00,Fabrice Le Fessant,1,UPSTREAM_MERGE_ACCOUNTED,libcob,2,57,14,Merge branch 'gnucobol-3.x' into gcos4gnucobol-3.x,accounted (mechanical default)
ff8f8953be8433cf3a02e95e452a04b059a0c517,,2024-12-31T07:57:44Z,sf-mensch,0,BLOCKED_BY_NATIVE_ARTIFACT_BOUNDARY,libcob,2,57,14,follow-up to r5369 - panel update,Track only: PANEL functions depend on the native curses backend
3f34a2461a6a8677334c5691ea0b79a69ee4ac6e,46,2024-12-30T11:05:30+01:00,David Declerck,1,UPSTREAM_MERGE_ACCOUNTED,libcob;tests,3,38,2,Merge remote-tracking branch 'upstream/gnucobol-3.x' into gcos4gnucobol-3.x,accounted (mechanical default)
8cec9fdb89c0c4d5caf83439df3c320b06cad2c5,,2024-12-24T11:17:37Z,ddeclerck,0,RUNTIME_PORTED,libcob;tests,3,38,2,Improve display of floats * libcob/termio.c (clean_double): skip more than a single leading zero in exponent display,Float display: skip more than a single leading zero in exponent digits (candidate float formatting)
5086fdf05e340593eaeb30623b75d033ede69ecb,47,2024-12-20T17:33:38+01:00,David Declerck,1,UPSTREAM_MERGE_ACCOUNTED,libcob;tests,2,51,18,Merge remote-tracking branch 'upstream/gnucobol-3.x' into gcos4gnucobol-3.x,accounted (mechanical default)
921108ea29fcc55ceaa60f98179cfec9f30f57e5,,2024-12-20T15:44:14Z,ddeclerck,0,RUNTIME_PORTED,libcob;tests,2,51,18,follow-up commit to r5403 - fix an out of bounds read access in optimized_move_display_to_edited,Fix out-of-bounds read in optimized move DISPLAY->edited (candidate edited move bounds)
afb68b34db69c6e4f9e1ad4985a3e37d13738815,48,2024-12-19T17:47:33+01:00,David Declerck,1,UPSTREAM_MERGE_ACCOUNTED,libcob;tests,6,439,56,Merge remote-tracking branch 'upstream/gnucobol-3.x' into gcos4gnucobol-3.x,accounted (mechanical default)
cb5fe73262cf9b32852ad0aaa7ecaa349529e5d1,,2024-12-19T16:36:13Z,ddeclerck,0,RUNTIME_PORTED,libcob;tests,3,113,6,Fix STRING/UNSTRING/INSPECT bug introduced in r5302 * libcob/string.c: fix a bug where the source of STRING/UNSTRING/INSPECT is overwritten  by restoring the *_copy fields that were removed with the change on 2024-02-26,Fix STRING/UNSTRING/INSPECT source-overwrite bug (source fields must not be clobbered mid-operation)
44c96d20a12e96e0802163fdb9a2d05bb41df578,,2024-12-17T15:36:39Z,ddeclerck,0,RUNTIME_PORTED,libcob;tests,5,326,50,Fix BLANK WHEN ZERO not working on signed NUMERIC-EDITED fields libcob: * move.c (optimized_move_display_to_edited): normalize numeric data * move.c (cob_move): extend use of optimized_move_display_to_edited to more cases (i.e. different source and destination sign  leading sign  non-separate sign) * move.c (optimized_move_display_to_edited): fixed additional bug reported with bug #1008: BLANK WHEN ZERO not working on signed NUMERIC-EDITED fields,BLANK WHEN ZERO on signed NUMERIC-EDITED fields: normalize numeric data in edited move; extend edited-move to sign variants
47501705ee0203b3fa1512e39930ce4348c58610,49,2024-12-16T14:24:14+01:00,David Declerck,1,UPSTREAM_MERGE_ACCOUNTED,libcob;tests,3,105,3,Merge remote-tracking branch 'upstream/gnucobol-3.x' into gcos4gnucobol-3.x,accounted (mechanical default)
1c357b4a3894bd09940a01c7ee7e0a5ad90ceeb8,,2024-12-12T16:19:57Z,ddeclerck,0,NOT_APPLICABLE_WITH_PROOF,libcob;tests,3,105,3,Fixed [bugs:1032]: app_data field of DBT structure is not always copied when call bdb_bt_compare * libcob/fileio.c: fixed Bug #1032 by always using global thread-static variable bdb_app_data pointer to access the collating sequence function,None: BDB DBT app_data fix
d5abb19870d0207be58564c4da11e88b954a9de7,50,2024-12-10T08:58:38+01:00,Simon Sobisch,1,UPSTREAM_MERGE_ACCOUNTED,ci,1,1,0,Merge pull request #202 from OCamlPro/GitMensch-patch-1,accounted (mechanical default)
06d814688dbc4684cd4688ce4d440b8e4699e8c3,,2024-12-10T08:40:58+01:00,Simon Sobisch,0,CI_ONLY_ACCOUNTED,ci,1,1,0,Update macos.yml,accounted (mechanical default)
129abba07f9c65039de7d90aa277b33b07c5163a,51,2024-12-09T11:10:32+01:00,David Declerck,1,UPSTREAM_MERGE_ACCOUNTED,build;cobc;docs;libcob;tests,7,129,19,Merge remote-tracking branch 'upstream/gnucobol-3.x' into gcos4gnucobol-3.x,accounted (mechanical default)
b162a03c3d9446b6c549b7c571fdc4f2272b0434,,2024-12-08T17:00:11Z,sf-mensch,0,NOT_APPLICABLE_WITH_PROOF,cobc;tests,3,7,2,minor update for sanitizers,None: sanitizer-related minor C adjustments
dca86ab692a474a1e77c801119dcf42e3c9c207e,,2024-12-08T14:35:15Z,sf-mensch,0,BLOCKED_BY_NATIVE_ARTIFACT_BOUNDARY,libcob,2,15,10,follow-up to r5369 - panel update (portability fix),Track only: PANEL portability fix (curses)
dda41815fe1fe00f0c58c6ab348f9ff94546017d,,2024-12-08T12:08:41Z,sf-mensch,0,CONFIGURATION_INTEGRATED,build,1,6,6,fix copy+paste error in r5389,None: configure.ac copy+paste fix is native build infra
7bddf706da7a96a5382c7523117ef792e1774490,,2024-12-08T12:08:22Z,sf-mensch,0,NOT_APPLICABLE_WITH_PROOF,libcob,1,1,1,fix copy+paste error in r5389,None: whitespace-only correction
c2ee239a5209c0a99d5fae8b76ad86d4c7225103,,2024-12-08T11:58:27Z,sf-mensch,0,CONFIGURATION_INTEGRATED,build;docs,2,106,6,follow-up to r5369 - panel update,None: configure.ac follow-up is native build infra
1be8d3f3493cd331e8e92f32149571b6c853ea82,52,2024-12-06T15:22:21+01:00,David Declerck,1,UPSTREAM_MERGE_ACCOUNTED,build;build_windows;cobc;docs;libcob;other;tests,23,1726,133,Merge remote-tracking branch 'upstream/gnucobol-3.x' into gcos4gnucobol-3.x,accounted (mechanical default)
87c1dd5799ff72425b6ede1efa3b2a789610e2a2,,2024-12-02T09:23:03Z,ddeclerck,0,RUNTIME_PORTED,libcob;tests,4,205,42,Fixed [bugs:#1008] regression in move to numeric edited items * move.c (optimized_move_display_to_edited): fixed Bug #1008: regression in move to numeric edited items with insertion symbols B  0 and / * move.c (optimized_move_display_to_edited): minor refactoring * exception.def  move.c: added definition for COBOL2025 COB_EC_DATA_NULL + COB_EC_DATA_TRUNCATION (currently not used),Fix move-to-edited regression with insertion symbols B  0 and /; register COBOL2025 COB_EC_DATA_NULL and COB_EC_DATA_TRUNCATION exception definitions
16e84a584d7edf41100db524ab9bb7e195d2004c,53,2024-11-24T17:14:57+01:00,David Declerck,0,CI_ONLY_ACCOUNTED,ci,1,1,1,Fix macOS CI,accounted (mechanical default)
04916dd9371e476d1687a1b5ee56d8c1b0fd8f12,54,2024-11-22T10:09:26+01:00,David Declerck,1,UPSTREAM_MERGE_ACCOUNTED,libcob;tests,3,155,0,Merge branch 'gnucobol-3.x' into gcos4gnucobol-3.x,accounted (mechanical default)
d5eb0eb02335042b507d69f86d48ed6cd79346a4,,2024-11-19T21:38:57Z,sf-mensch,0,BLOCKED_BY_NATIVE_ARTIFACT_BOUNDARY,build;docs;libcob,3,19,15,follow-up to r5369 - panel update,Track only: PANEL update (curses)
a51ca02a68d5adedead306dfada270ff85582a0f,,2024-11-19T20:13:51Z,sf-mensch,0,CONFIGURATION_INTEGRATED,docs;other,2,104,85,follow-up to r5371 - panel update (refactoring),Adopt the copy/gcwindow.cpy copybook asset (WINDOW screen support) into the candidate copybook tree; THANKS is prose
45ce8f622930f34306f64839dd397b9c4c4a0c00,,2024-11-19T13:46:05Z,sf-mensch,0,BLOCKED_BY_NATIVE_ARTIFACT_BOUNDARY,libcob;tests,6,377,338,follow-up to r5369 - panel update,Track only: PANEL update + tests (curses)
0bf2ceb38ea46378e45ea0c865ef75c0374d94d6,,2024-11-18T23:37:46Z,sf-mensch,0,BLOCKED_BY_NATIVE_ARTIFACT_BOUNDARY,libcob;other;tests,6,4344,4479,follow-up to r5369 - panel update,Track only: PANEL update + tests (curses)
2a53351eae5a6c53f5408a2594d651fe3d47cdb2,,2024-11-18T22:14:48Z,chaat,0,BLOCKED_BY_NATIVE_ARTIFACT_BOUNDARY,build;build_windows;cobc;docs;libcob;other;tests,16,5325,3890,Add PANEL functions from CURSES,Track only: PANEL functions from CURSES (native curses/panel dependency)
a6c4f2440452661e69004da5178196e835f387b9,,2024-11-18T14:57:51Z,ddeclerck,0,BLOCKED_BY_NATIVE_ARTIFACT_BOUNDARY,libcob;tests,2,71,3,Add XML/JSON GENERATE tests for PIC P,Track tests: XML/JSON GENERATE tests for PIC P depend on the native XML/JSON backend
3edbc6d1f70b0a642c07d056d3ecc2c215731665,55,2024-10-31T12:43:32+01:00,Simon Sobisch,0,NOT_APPLICABLE_WITH_PROOF,other,1,3,3,Update .gitpod.yml,None: developer-tooling config (.gitpod.yml)
ac862070c3e821e6c451e3f08e70882a17d271b4,,2024-10-24T06:08:36Z,chaat,0,RUNTIME_PORTED,libcob;tests,3,155,0,fixed [bugs:#999] ACCEPT with TIMEOUT issue when looping thru the verb,Fix ACCEPT with TIMEOUT looping through the verb (candidate ACCEPT TIMEOUT semantics)
0cc8207d14de2633fb80ebd790dc929e4be76f13,56,2024-10-11T19:43:32Z,sf-mensch,0,TEST_IMPORTED,tests,1,1,1,follow-up to r5356 - fixed skip via atlocal_win,Adopted by the current-upstream suite lane (skip via atlocal_win)
190139b8baee6e0d08f69ef57dc9c303e7d8a47c,,2024-10-11T19:43:32Z,sf-mensch,0,TEST_IMPORTED,tests,1,1,1,follow-up to r5356 - fixed skip via atlocal_win,Adopted by the current-upstream suite lane (skip via atlocal_win)
68b82c88f548d4a9aa9fcd9a3df15e4cf3884e73,57,2024-10-11T17:12:55+02:00,Fabrice Le Fessant,1,UPSTREAM_MERGE_ACCOUNTED,bin;build;build_windows;cobc;docs;libcob;tests,29,785,350,Merge branch 'gnucobol-3.x' into gcos4gnucobol-3.x,accounted (mechanical default)
b583a357302ad882fd2ac6565f823d9750b46e37,,2024-10-08T23:37:24Z,sf-mensch,0,HARNESS_ADOPTED,build;build_windows;tests,11,49,23,build and test updates,Adopt the build-and-test updates relevant to the candidate harness
a23f0dc875f6adc6298b051334d29871cd7263d8,58,2024-10-07T13:25:36+02:00,Simon Sobisch,1,UPSTREAM_MERGE_ACCOUNTED,ci,6,921,672,Merge pull request #189 from OCamlPro/ci-update,accounted (mechanical default)
7d4a2fd772a6dc6e8de09bf3aeed02d1081c550d,,2024-10-07T09:55:44Z,Simon Sobisch,0,CI_ONLY_ACCOUNTED,ci,6,921,672,ci adjustments,accounted (mechanical default)
83ec07716d30732e050c0b6b96ecf5b462045e21,,2024-10-04T18:42:50Z,sf-mensch,0,NOT_APPLICABLE_WITH_PROOF,libcob,1,1,1,portability fix for last commits,None: const-correctness C fix
ef11be499f4c6f2a3f6907443d54590e1db6f659,,2024-10-04T15:53:21Z,sf-mensch,0,NOT_APPLICABLE_WITH_PROOF,libcob,2,0,2,fix previous commit,None: duplicate include removal
ca09f172185ffbfa821a01030c9a873e26d8dff1,,2024-10-04T15:38:31Z,sf-mensch,0,TEST_IMPORTED,tests,4,85,63,minor testuite update,Adopted by the current-upstream suite lane (minor testsuite update)
3f897122aacdd6610c14117b28442013a4574cde,,2024-10-04T15:32:44Z,sf-mensch,0,RUNTIME_PORTED,libcob,4,275,200,signal and stack handling update,Signal and stack handling update: align candidate signal-registration and stack-guard behavior with upstream semantics
929b403b68ffedce147598f57eff79dc02590d6f,,2024-10-03T00:08:33Z,sf-mensch,0,PLATFORM_BEHAVIOR_INTEGRATED,build_windows,1,9,0,fix [r5349] missing PKGVERSION for build_windows,None: build_windows PKGVERSION fix is Windows-only
c53ae5f803518dc7a0e1e88ee08ac060e423ca1b,,2024-10-02T23:21:53Z,sf-mensch,0,RUNTIME_PORTED,cobc;libcob;tests,5,182,31,signal handler updates,Signal handler updates: port the handler registration/behavior semantics
88937849b8607f9f9b20a605d7f2bf65e9ed7427,,2024-10-02T23:08:13Z,sf-mensch,0,CONFIGURATION_INTEGRATED,bin;build;cobc;docs;libcob,10,170,63,new options for configure for customized version string / bug report URL,Adopt configurable version string / bug-report URL surfaces where the candidate exposes equivalents
3f7c44b6f51605eda7da480388f8ae2efdd92811,,2024-10-02T22:31:52Z,sf-mensch,0,WRAPPER_INTEGRATED,cobc;tests,4,38,8,improve stdin compilation,Improve stdin compilation: cobc-rs must compile from stdin with the documented naming/artifact behavior
710f053fbd7c65a3e8cfa051f8a2fdb92ebeeec8,,2024-10-02T22:26:37Z,sf-mensch,0,TEST_IMPORTED,tests,3,23,6,testsuite update for special cases,Adopted by the current-upstream suite lane (special-cases test updates)
799c61376739bc99f48ddae5f03503e028292f29,59,2024-10-02T17:05:23+02:00,David Declerck,1,UPSTREAM_MERGE_ACCOUNTED,cobc;tests,6,247,19,Merge remote-tracking branch 'upstream/gnucobol-3.x' into gcos4gnucobol-3.x,accounted (mechanical default)
9b0259d78f87e479887f617206a002636c8e57cb,,2024-10-01T09:00:58Z,nberth,0,NOT_APPLICABLE_WITH_PROOF,cobc;tests,6,247,19,Support collating sequence for indexed file keys of alphanumeric class,None: collating sequence for indexed file keys of alphanumeric class (indexed backend)
61ffca26726ae77469d31c7057abb575940d6048,60,2024-09-30T09:49:42+02:00,David Declerck,1,UPSTREAM_MERGE_ACCOUNTED,build;build_windows;cobc;docs;libcob;m4;other;tests,36,1865,1054,Merge remote-tracking branch 'upstream/gnucobol-3.x' into gcos4gnucobol-3.x,accounted (mechanical default)
49da19a3dfc05fa7beaed1ac9c1d08a16ee7dd61,,2024-09-30T07:38:18Z,ddeclerck,0,WRAPPER_INTEGRATED,cobc;docs;tests,10,538,83,Add dependencies options and -fcopybook-deps cobc: * pplex.l (cb_text_list): prevent duplicates * cobc.c  help.c  pplex.l: add new flags to output dependencies following gcc: -M to output deps only  -MD to output deps while compiling (in .d files)  -MP to output phony targets  -MG to keep missing copybooks  -MQ <target> to Makefile-quote target ; add -fcopybook-deps to output only copybook names instead of file paths. -fcopybook-deps also forces -E  -foneline-deps  -MT=copybooks  disables errors on missing copybooks and removes output on stdout doc: * gnucobol.texi: document new dependencies options,Implement -M/-MD/-MP/-MG/-MQ dependency options + -fcopybook-deps (copybook-only deps  forces -E -foneline-deps -MT=copybooks  disables missing-copybook errors)
a3e00bed1f21ce0f66315039be08c629574c9184,,2024-09-29T19:12:59Z,sf-mensch,0,NOT_APPLICABLE_WITH_PROOF,libcob,1,1,1,fix bad line in [r5343],None: C preprocessor conditional fix (#elif)
903ba84ff9db736109d025159ee368c6e47ddb99,,2024-09-29T18:26:16Z,sf-mensch,0,NOT_APPLICABLE_WITH_PROOF,build;build_windows;cobc;docs;libcob;tests,17,145,97,assorted updates,Verify in Phase 2: mixed C cleanup/updates (cobc  libcob  build  tests) without a single identified candidate-visible behavior; no known semantic delta
10daa94c89368eac5c84c8ce68d29ecbe0dc5188,,2024-09-27T20:25:28Z,sf-mensch,0,NOT_APPLICABLE_WITH_PROOF,build;cobc;docs;m4;other,12,1102,847,build system update,None: libtool/autotools build system update
7b3047cb2616c6be935be3293e9bfeb377d10a13,,2024-09-27T20:14:07Z,sf-mensch,0,HARNESS_ADOPTED,docs;other;tests,6,85,32,updaste for NIST85,Adopt the NIST85 run-definition updates in the candidate NIST85 harness
482206f49af4fe8db9b23c97385fcb27283edc44,61,2024-09-27T21:33:09+02:00,Simon Sobisch,1,UPSTREAM_MERGE_ACCOUNTED,ci,1,97,13,Merge pull request #184 from OCamlPro/ci-minimal-build,accounted (mechanical default)
e3283da760178d18ba30fde5fccaeda057b1682d,,2024-09-27T12:20:25Z,Simon Sobisch,0,CI_ONLY_ACCOUNTED,ci,1,97,13,CI: adding minimal build,accounted (mechanical default)
f5989ba77c79b1f9c55f378ff713f376098446f2,62,2024-09-26T12:15:10+02:00,David Declerck,1,UPSTREAM_MERGE_ACCOUNTED,cobc;docs;libcob;tests,6,246,144,Merge remote-tracking branch 'upstream/gnucobol-3.x' into gcos4gnucobol-3.x,accounted (mechanical default)
1104bda61e191efb343ba4fa13b71e484bf8b24f,,2024-09-25T19:10:31Z,nberth,0,FRONTEND_REIMPLEMENTED,cobc;docs;tests,4,81,9,Check for incompatible data only when a receiver is of category numeric in MOVE or SET,Check for incompatible data in MOVE or SET only when the receiver is of category numeric
7ba5f9fcb116490a2fbe3e5c2afb9100a3e92c18,,2024-09-23T19:00:14Z,chaat,0,RUNTIME_PORTED,libcob,2,165,135,preparation for Multiple Window support by WINDOW pointer,WINDOW pointer preparation: adopt the screenio WINDOW handling model where the candidate screen layer can represent it
2c000f51a11e45a7e25c28eb795437e24587c0d1,63,2024-09-22T14:18:30+02:00,David Declerck,0,CI_ONLY_ACCOUNTED,ci,3,3,0,Update Windows workflows (upload testsuite.log on failure),accounted (mechanical default)
e807aed2c9c9994b3dfd8aff50dab80429ccf410,64,2024-09-22T14:15:58+02:00,David Declerck,1,UPSTREAM_MERGE_ACCOUNTED,libcob;tests,3,78,7,Merge remote-tracking branch 'upstream/gnucobol-3.x' into gcos4gnucobol-3.x,accounted (mechanical default)
7b09c750ff7d354f0637678a6c1db425650d8359,,2024-09-20T21:39:45Z,chaat,0,RUNTIME_PORTED,libcob;tests,3,78,7,Fix [bugs:#990] COBOL screen  problem positioning cursor on line 1,Fix cursor positioning on line 1 (COBOL screen)
015735daa9c5e410f594fe97cbfad42a4bed9518,65,2024-09-20T10:24:22+02:00,David Declerck,1,UPSTREAM_MERGE_ACCOUNTED,cobc;config;tests,4,80,1,Merge remote-tracking branch 'upstream/gnucobol-3.x' into gcos4gnucobol-3.x,accounted (mechanical default)
111d21f03445f7d6db0e5cfc93e5f49e9fa584ce,,2024-09-20T07:10:52Z,ddeclerck,0,TEST_IMPORTED,cobc;config;tests,4,80,1,Minor adjustments (testsuite  ChangeLog entries  C89),Adopted by the current-upstream suite lane (syn_definition.at updates); the pplex/scanner changes are C89-internal
f36f1506a16dc387dbb518806aa78f035454c549,66,2024-09-19T13:56:47+02:00,David Declerck,1,UPSTREAM_MERGE_ACCOUNTED,bin;build;docs;other;tests,20,1471,612,Merge remote-tracking branch 'upstream/gnucobol-3.x' into gcos4gnucobol-3.x,accounted (mechanical default)
cd346a66aab8791abd8bc821b9cd4e5c248bd7a8,,2024-09-18T11:13:05Z,sf-mensch,0,DOCUMENTATION_TRACKED,docs;other,4,16,12,minor doc changes,Track only: gnucobol.texi updates
a234462ff94b5f5feff62f87d2f097b1e7688a69,,2024-09-13T21:13:03Z,sf-mensch,0,TEST_IMPORTED,tests,3,77,35,testsuite environment update,Adopted by the current-upstream suite lane (testsuite environment update)
97668518028eda1174b2235cbe5c22d61fe9cf8a,,2024-09-09T12:37:21Z,sf-mensch,0,HARNESS_ADOPTED,docs;tests,6,171,32,work on 'make checkmanual',Adopt checkmanual workflow improvements in the candidate doc harness
9744112d55609a6f9ac5992c49a4716db3200a29,,2024-09-07T11:30:35Z,sf-mensch,0,CONFIGURATION_INTEGRATED,build;other,7,1203,533,build system update,None: autotools build system update
42d9e7de0eb8c898cb0e4f13d6cef81319667c33,,2024-09-06T08:53:40Z,ddeclerck,0,NOT_APPLICABLE_WITH_PROOF,bin,1,4,0,missing changelog entry for [r4915],None: ChangeLog-only commit
fe28973b030f13b34c52d36df6b928069de21f98,67,2024-08-28T21:45:52+02:00,Simon Sobisch,1,UPSTREAM_MERGE_ACCOUNTED,ci,5,172,154,Merge pull request #170 from nberth/ci-adjustments-4-gcos4gnucobol-3.x,accounted (mechanical default)
e31b1ad2059a1f8b1b0c36d528ca1ef50d9ca176,,2024-08-28T15:14:39+02:00,Nicolas Berthier,0,CI_ONLY_ACCOUNTED,ci,1,10,3,Tar MSYS2 distribution archive to avoid EMFILE error,accounted (mechanical default)
c566c4abc0f46ceec1d19eb088baf0d1765bd2ce,,2024-08-28T13:21:39+02:00,Nicolas Berthier,0,CI_ONLY_ACCOUNTED,ci,3,11,0,Cache `newcob.val` in Windows MSYS2 workflow as well,accounted (mechanical default)
77522f50e0abb625ed2cca85c7a054786e14d888,,2024-08-28T12:02:11+02:00,Nicolas Berthier,0,CI_ONLY_ACCOUNTED,ci,1,0,1,Run testsuite even on Debug target in Windows MSVC CI,accounted (mechanical default)
d4ea52e5afb03c68281d9ce6419be62cf78bc7d3,,2024-08-28T08:46:14+02:00,Nicolas Berthier,0,CI_ONLY_ACCOUNTED,ci,2,10,40,Cache `newcob.val` instead of an archive,accounted (mechanical default)
e14cfcae03c249650a3ba2ce7a24ded1f9ef2c91,,2024-08-27T12:00:16+02:00,Nicolas Berthier,0,CI_ONLY_ACCOUNTED,ci,1,12,10,Fix lookup of `newcob.val` in MacOS workflow,accounted (mechanical default)
34d0bd4b354ffde3b12bd114044b6ca32bb878fe,,2024-08-27T11:51:17+02:00,Nicolas Berthier,0,CI_ONLY_ACCOUNTED,ci,1,71,32,Various improvements in Warnings and Coverage workflow,accounted (mechanical default)
5be2d04b849265806d602fb2a2d4acefdfe402df,,2024-08-27T11:50:47+02:00,Nicolas Berthier,0,CI_ONLY_ACCOUNTED,ci,1,5,2,Stop using `-pedantic` flag in Coverage and Warnings workflow,accounted (mechanical default)
fed0e25ca1f968c0d78effdd8e1b3e53959016fb,,2024-08-27T09:23:07+02:00,Nicolas Berthier,0,CI_ONLY_ACCOUNTED,ci,1,5,4,Further adjustments to the CI for MacOS,accounted (mechanical default)
d45913dd76da5d3307e9bbc6fbe7bfababf210b6,,2024-08-26T11:04:59+02:00,Nicolas Berthier,0,CI_ONLY_ACCOUNTED,ci,3,3,2,Enforce a 45 minutes timeout on Windows CI workflows,accounted (mechanical default)
803826741663820d5785570c828f1fd1a2165792,,2024-08-21T16:40:49+02:00,Nicolas Berthier,0,CI_ONLY_ACCOUNTED,ci,5,43,59,Further CI adjustments,accounted (mechanical default)
c1665fc6e603e4117bbc52a28dc93457284668ce,,2024-08-23T10:30:16+02:00,Nicolas Berthier,0,CI_ONLY_ACCOUNTED,ci,1,1,0,Adjust MSVC workflow now that error popups are disabled by default,accounted (mechanical default)
dfb0c9c82f96ee8d95228fd84c5490100286e80a,,2024-08-20T09:07:58+02:00,Nicolas Berthier,0,CI_ONLY_ACCOUNTED,ci,1,17,19,Swap install and tests in CI for Windows MSYS2,accounted (mechanical default)
d9ef15191468f765997b3151ec2f3730c155fd2d,,2024-08-20T09:04:33+02:00,Nicolas Berthier,0,CI_ONLY_ACCOUNTED,ci,2,45,43,Upgrade versions of github actions used in CI,accounted (mechanical default)
d3c4e188dd30ab0e20af0d15d5c72cf26e4daa4f,68,2024-08-28T11:54:02+02:00,David Declerck,0,CI_ONLY_ACCOUNTED,ci,1,7,41,Update MSVC CI,accounted (mechanical default)
0226a4e160d3c256683f17f8c00d475e7a4323bd,69,2024-08-28T10:42:29+02:00,David Declerck,1,UPSTREAM_MERGE_ACCOUNTED,cobc;libcob;tests,6,64,46,Merge remote-tracking branch 'upstream/gnucobol-3.x' into gcos4gnucobol-3.x,accounted (mechanical default)
5a8666888fada0fdbbc904269ef809629fd93fbb,,2024-08-28T08:31:07Z,ddeclerck,0,FRONTEND_REIMPLEMENTED,cobc;libcob;tests,6,64,46,Fix bugs reported by the MSVC runtime checker cobc: * tree.c (char_to_precedence_idx  get_char_type_description  valid_char_order): adjusted size of precedence table and gave proper precedence to U libcob: * intrinsics.c (cob_intr_random)  move.c (cob_move_display_to_packed): make casts with loss of data explicit using masking to silence the MSVC runtime error checker,Give 'U' proper precedence in the expression precedence table (parser); port masking fixes in random/packed move where the candidate has equivalent numeric paths
f13eede92da65e6a36bb94537d2a4e1f7a68f7ea,70,2024-08-28T09:19:33+02:00,Nicolas Berthier,1,UPSTREAM_MERGE_ACCOUNTED,tests,2,11,5,Merge remote-tracking branch 'upstream/gnucobol-3.x' into gcos4gnucobol-3.x,accounted (mechanical default)
808c9be88a5066b2c9a9b3eb9e7d904ee797a187,,2024-08-27T21:21:41Z,nberth,0,HARNESS_ADOPTED,tests,2,11,5,Retrieve archive of NIST test suite from sourceforge instead of from an out-dated URL,Adopt the current NIST archive URL in the candidate NIST harness
d0ef5aa6e12449b9c216f39b4e87edbdcdfd7e3b,71,2024-08-23T10:05:10+02:00,Nicolas Berthier,1,UPSTREAM_MERGE_ACCOUNTED,libcob,1,0,1,Merge remote-tracking branch 'upstream/gnucobol-3.x' into gcos4gnucobol-3.x,accounted (mechanical default)
7529ba38d84bcb886090d4028245546b7b85b446,,2024-08-22T19:24:20Z,ddeclerck,0,NOT_APPLICABLE_WITH_PROOF,libcob,1,0,1,Remove debugapi.h include from common.c - follow-up to r5315,None: Windows-only include removal
2ed1057b1d8648881cd7d8268951e9f41490182e,72,2024-08-22T19:27:59+02:00,David Declerck,1,UPSTREAM_MERGE_ACCOUNTED,config;docs;libcob;tests,8,141,22,Merge remote-tracking branch 'upstream/gnucobol-3.x' into gcos4gnucobol-3.x,accounted (mechanical default)
816bd2be16d88e9ea9f17f2e047fd08844d7f8c2,,2024-08-22T14:45:34Z,ddeclerck,0,NOT_APPLICABLE_WITH_PROOF,libcob,2,33,0,Disable Windows error popups in programs compiled with MSVC * libcob/common.c (DllMain) [_MSC_VER]: added calls to _CrtSetReportMode to disable Windows error popups and redirect them to stderr,None: Windows/MSVC CRT report-mode setting
6bf47af0209e7cac2f395f71c6e99fd093e5afbc,,2024-08-19T13:55:16Z,almorsi,0,RUNTIME_PORTED,config;docs;libcob;tests,8,108,22,[feature-request:#474]: add runtime configuration to hide cursor for extended screenio,Implement runtime configuration to hide the cursor for extended screenio
8b7350a27a7afc4d424dc3279ec4e30a73ed638e,73,2024-08-17T18:53:59+02:00,Simon Sobisch,0,NOT_APPLICABLE_WITH_PROOF,other,1,13,10,Update .gitpod.yml,None: developer-tooling config (.gitpod.yml)
56a19214a986917c2de60dc3e824742b85b01211,74,2024-08-12T09:40:29+02:00,Nicolas Berthier,1,UPSTREAM_MERGE_ACCOUNTED,build;cobc;docs;m4;other;tests,14,427,189,Merge remote-tracking branch 'upstream/gnucobol-3.x' into gcos4gnucobol-3.x,accounted (mechanical default)
41e2e4488de18f3aba4adc4085a63061159b124b,,2024-08-11T14:28:06Z,sf-mensch,0,FRONTEND_REIMPLEMENTED,cobc,1,2,1,work on ALPHABET definitions  especially ALPHABET FOR NATIONAL - C90 fix for r5310,Complete ALPHABET FOR NATIONAL support (C90 follow-up)
3e146193295e30c31ff0a50022204c9d91a1ef9b,,2024-08-11T10:56:20Z,sf-mensch,0,NOT_APPLICABLE_WITH_PROOF,build;docs;m4,4,93,57,added missing iconv.m4 update - follow-up to r5310,accounted (mechanical default)
71ea358aa9101faa5f2c3732d763e59934aacc94,,2024-08-10T15:18:40Z,sf-mensch,0,FRONTEND_REIMPLEMENTED,build;cobc;docs;other;tests,13,334,133,work on ALPHABET definitions  especially ALPHABET FOR NATIONAL,Implement ALPHABET definitions  especially ALPHABET FOR NATIONAL (parse + collating behavior)
fabaca953a23f9ebbdd790acec65190de03e4b48,75,2024-08-07T07:23:16+02:00,Simon Sobisch,0,NOT_APPLICABLE_WITH_PROOF,other,1,87,28,Update .gitignore,None: .gitignore update
04fe8aaf44d7d0976a70bffc5b68c9e1f35a1058,76,2024-08-04T18:08:38+02:00,David Declerck,1,UPSTREAM_MERGE_ACCOUNTED,cobc;libcob;tests,14,576,188,Merge remote-tracking branch 'upstream/gnucobol-3.x' into gcos4gnucobol-3.x,accounted (mechanical default)
1b01ffd2398e226e005382850e71d6708eb11f27,,2024-08-03T21:04:02Z,ddeclerck,0,TEST_IMPORTED,tests,3,11,1,Testuite fixes for MSVC * testsuite.src/run_file.at  testsuite.src/run_misc.at: fix a few tests that break under MSVC Debug while working under MSVC Release  by forcing a flush of stdout with fflush and using cob_free instead of free in C codes,Adopted by the current-upstream suite lane (MSVC test fixes)
a672fbba0388d30d25ea97e19bf37608ffc12de6,77,2024-08-01T00:30:48+02:00,David Declerck,0,CI_ONLY_ACCOUNTED,ci,2,54,27,Update MSVC & MSYS1 CI,accounted (mechanical default)
db0e8067d3e8d2b22285e726a4d3f229b68b72e9,,2024-07-31T01:01:23Z,chaat,0,TEST_IMPORTED,tests,1,4,4,fix small error in compile error expected results,Adopted by the current-upstream suite lane (compile-error expected results fix)
ec5562cfb9f610ce72029547b68a1999aaa0322a,,2024-07-30T21:58:30Z,chaat,0,RUNTIME_PORTED,cobc;libcob;tests,7,463,140,Adjustment to support the 2023 standard for edited numeric picture strings and to fix [bugs:#935],Support the 2023 standard for edited numeric picture strings and fix bugs:#935 (picture-string validation + runtime edited move)
0fa2bf5f5238772b8eb46ace17f2ea958b7726d2,,2024-07-26T15:22:06Z,sf-mensch,0,FRONTEND_REIMPLEMENTED,cobc;tests,5,102,47,increase portability for Micro Focus and ACUCOBOL-GT,Increase dialect portability for Micro Focus and ACUCOBOL-GT (reserved words/config.def/parser)
00f6832684d831a81078222934dc50a5babc0ee8,78,2024-07-26T15:11:11+02:00,David Declerck,1,UPSTREAM_MERGE_ACCOUNTED,cobc;libcob;tests,12,4432,321,Merge remote-tracking branch 'upstream/gnucobol-3.x' into gcos4gnucobol-3.x,accounted (mechanical default)
4d51096de84399311fb811bfe88997675b5e209a,79,2024-07-25T22:03:06+02:00,Simon Sobisch,1,UPSTREAM_MERGE_ACCOUNTED,ci,6,596,93,Merge pull request #140 from ddeclerck/ci_msvc,accounted (mechanical default)
eb74013d3e4fec6049135ffe259957cb787f3e03,,2024-03-18T14:38:51+01:00,David Declerck,0,CI_ONLY_ACCOUNTED,ci,6,596,93,Add/Update Windows workflows,accounted (mechanical default)
9f1a64c32e11b60b6c157c2552905723882f1b76,,2024-07-23T17:11:59Z,engboris,0,RUNTIME_PORTED,cobc;libcob;tests,10,4384,310,[feature-requests:#448] using state structures instead of state vars for strings,Use state structures instead of state vars for STRING/UNSTRING/INSPECT: port the reworked string-operation state handling
7a173e6da655bee696bd22315b0ae51f6898dc9b,,2024-07-13T17:04:27Z,chaat,0,NOT_APPLICABLE_WITH_PROOF,libcob,2,7,1,adjustment for Sanitizer warning,None: Sanitizer-warning adjustment (C internal)
24ff1a9c93355660fecce5a44400459a51e24b62,,2024-07-12T09:01:08Z,ddeclerck,0,NOT_APPLICABLE_WITH_PROOF,libcob,4,41,10,Allow keys of different length in the BDB backend (optional  flag-controlled) libcob: fileio.c (bdb_bt_compare  indexed_open): handle BDB keys of different length with a flag USE_BDB_KEYDIFF (passed with preparser flag CPPFLAGS) common.c (cob_cmp_strings)  coblocal.h (cob_cmp_strings): extracted from (cob_cmp_alnum),None: BDB keys of different length (USE_BDB_KEYDIFF flag)
de6053aad23443ed38f763f4d3bf3b9606103937,80,2024-07-12T10:07:58+02:00,David Declerck,1,UPSTREAM_MERGE_ACCOUNTED,cobc;config;libcob;tests,31,2886,743,Merge remote-tracking branch 'upstream/gnucobol-3.x' into gcos4gnucobol-3.x,accounted (mechanical default)
73ad00d945450aba0c0da800494de15768785f2b,,2024-07-11T23:57:15Z,chaat,0,NOT_APPLICABLE_WITH_PROOF,libcob,2,10,6,djustment for build without curses and fix C90 warnings,None: curses-less build + C90 warnings
314adc1ca83055a5676a8e1329e01d6b565f24a3,,2024-07-11T23:34:56Z,chaat,0,NOT_APPLICABLE_WITH_PROOF,libcob,4,62,34,Adjustment for build without curses and fix C90 warnings,None: curses-less build + C90 warnings
1fa8db0d0e6bd4411f0db864511fd3d9bb6963a5,,2024-07-11T21:49:15Z,ddeclerck,0,CONFIGURATION_INTEGRATED,config,15,274,270,Fix minor alignment / tab issues in config/*.conf,Adopt the alignment/tab normalization: all config/*.conf synced to the pinned upstream head bytes
435454f8df3808669bfe75ea985446c409877a53,,2024-07-10T17:27:40Z,chaat,0,RUNTIME_PORTED,cobc;libcob,4,132,26,Adjustment for move to edited numeric,Adjustment for move to edited numeric (frontend picture + runtime edit alignment)
e51b091b99211fc8a99f446156e90b4fdf9754c2,,2024-07-06T03:54:15Z,chaat,0,RUNTIME_PORTED,libcob;tests,3,45,1,Fix for bug 934 - default ROUNDED option,Fix default ROUNDED option behavior
d33f2ec97d726b9578cf5ef55f8acd89ec64e777,,2024-07-06T03:24:19Z,chaat,0,RUNTIME_PORTED,libcob,4,53,0,Added two new functions CBL_GC_SCR_DUMP and CBL_GC_SCR_RESTORE,Implement CBL_GC_SCR_DUMP and CBL_GC_SCR_RESTORE as candidate runtime callable functions
026a651ee4063b380eaccc07f54aa585d5c86924,,2024-07-06T02:55:58Z,chaat,0,NOT_APPLICABLE_WITH_PROOF,libcob,3,188,78,Fix errors caught by the Sanitizer functionality of GCC.,None: errors caught by the GCC Sanitizer (C internal)
b33a87961f0d11b2d9d371374efae94d97c7b557,,2024-07-05T21:16:50Z,chaat,0,NOT_APPLICABLE_WITH_PROOF,libcob;tests,3,99,66,Adjustment to READ PREVIOUS for VBISAM / VISAM,None: READ PREVIOUS for VBISAM/VISAM (relative-indexed native backend)
7c7b55b9311b7edf3bdab5e3c630995f28249958,,2024-07-05T20:06:18Z,chaat,0,RUNTIME_PORTED,cobc;libcob;tests,8,2100,339,Adjustment for move to edited numeric,Adjustment for move to edited numeric (with tests)
39344cf66085620e1dfdb16d54c7ba081efd1da8,81,2024-06-20T20:05:02+02:00,David Declerck,1,UPSTREAM_MERGE_ACCOUNTED,cobc;tests,4,11,27,Merge remote-tracking branch 'upstream/gnucobol-3.x' into gcos4gnucobol-3.x,accounted (mechanical default)
940f057e6522e4d25c5c4facbe7202c5ee0682e3,,2024-06-20T17:51:21Z,ddeclerck,0,NOT_APPLICABLE_WITH_PROOF,cobc;tests,4,11,27,Windows build fixes + ChangeLog cleanups cobc/cobc.c (process_compile): fix MSVC build command tests/atlocal_win: fix path-related issues in Windows builds,None: Windows/MSVC build command fixes + atlocal_win path fixes
7225e55ddb07b786af5f0496af7fe62a670dd024,82,2024-06-20T12:29:22+02:00,David Declerck,0,NOT_APPLICABLE_WITH_PROOF,other,1,60,0,Add gitpod configuration,None: developer-tooling config (.gitpod.yml)
21b5d516ffd33e2e25b319680bdcf668b42ff935,83,2024-05-16T14:24:15+02:00,David Declerck,1,UPSTREAM_MERGE_ACCOUNTED,build_windows;cobc;libcob;tests,16,302,259,Merge remote-tracking branch 'upstream/gnucobol-3.x' into gcos4gnucobol-3.x,accounted (mechanical default)
a4971637900ed693ade051aa20a9a5422b20366d,,2024-05-15T20:22:44Z,sf-mensch,0,NOT_APPLICABLE_WITH_PROOF,build_windows;cobc,9,92,87,more warning fixes  additional improvement to build_windopws,None: warning fixes + build_windows improvements
d671493076c3c041d6139cd04034566d7266482d,,2024-05-15T11:44:27Z,sf-mensch,0,NOT_APPLICABLE_WITH_PROOF,cobc;tests,2,22,9,improving cobc handling with MSVC assembler,None: cobc handling with the MSVC assembler (native assembly path)
63cb06ce7b87d75a46e7533c0fb7f375bef90960,,2024-05-15T11:09:38Z,sf-mensch,0,NOT_APPLICABLE_WITH_PROOF,cobc;libcob;tests,7,137,119,more compiler warnings fixed,None: compiler warnings fixed (C internal)
9261f40968684c3f642b7795011992ddf43badba,,2024-05-14T19:03:47Z,sf-mensch,0,NOT_APPLICABLE_WITH_PROOF,libcob;tests,5,51,44,minor cleanups and warning fixes,None: minor cleanups and warning fixes in libcob (no observable behavior delta; verify with tests)
4907e0d0683e3a138ddd335c0fcd4f24d7d0a08b,84,2024-05-14T18:53:15+02:00,Simon Sobisch,1,UPSTREAM_MERGE_ACCOUNTED,ci,1,6,10,Merge pull request #145 from ddeclerck/fix_macos_ci,accounted (mechanical default)
4f76d0a2021e3476d5cabeb6b40fa43e609c7137,,2024-05-13T14:21:57+02:00,David Declerck,0,CI_ONLY_ACCOUNTED,ci,1,6,10,Fix MacOS CI,accounted (mechanical default)
70b4076e9e8d411b57619977f47c1e7356ddbea7,85,2024-05-14T09:43:36+02:00,David Declerck,1,UPSTREAM_MERGE_ACCOUNTED,build;build_windows;cobc;docs;libcob;tests,40,129,75,Merge remote-tracking branch 'upstream/gnucobol-3.x' into gcos4gnucobol-3.x,accounted (mechanical default)
67f93f93c5b59aaab22917d76195940df1717e18,,2024-05-14T07:39:06Z,ddeclerck,0,NOT_APPLICABLE_WITH_PROOF,build_windows;cobc,18,60,14,fix building with MSVC cobc: * flag.def: fix macro usage for MSVC build_windows: * general for libcob: add missing profiling.c,None: MSVC build fixes (flag.def macro usage  build_windows)
63bd0f81fa4d3033e8b960f8e1ad1ea6ed0d7e8b,,2024-05-14T07:24:15Z,ddeclerck,0,CONFIGURATION_INTEGRATED,build;docs,3,10,2,fix macOS testsuite issues * configure.ac: update flags for building dynamic libraries on macOS (helps fixing testsuite issues on recent macOS versions),None: native macOS build/test flags
d2df58ad96850695b8564067afb1f2f4d40fe69a,,2024-05-14T07:06:03Z,sf-mensch,0,NOT_APPLICABLE_WITH_PROOF,cobc;libcob;tests,20,59,59,assorted minor cleanups,None: assorted minor cleanups (C-wide  no single observable behavior; verify with tests)
5ba97ae7594f589d4f55996f71c28dc6782852e1,86,2024-05-13T09:48:13+02:00,David Declerck,1,UPSTREAM_MERGE_ACCOUNTED,build;cobc;config;docs;libcob;other;tests,23,558,338,Merge remote-tracking branch 'upstream/gnucobol-3.x' into HEAD,accounted (mechanical default)
1daa3931493ba29cd649cd3ece9ea3621b3226a1,,2024-05-06T07:02:11Z,sf-mensch,0,TEST_IMPORTED,tests,2,89,89,portability fix for [r5249],Adopted by the current-upstream suite lane (portability fix for r5249)
ed789c8a9bc2c66e3c314f82b47cc07c05b12f49,,2024-05-05T20:48:04Z,sf-mensch,0,PLATFORM_BEHAVIOR_INTEGRATED,cobc;libcob;tests,8,163,94,Win32 fixes  mostly testcases,Adopt Win32-relevant test expectations via the current-upstream lane; the common.c/fileio.c parts are Windows-path fixes
7c60012c019be8b4f42ab9345081f6bd7ae4b1d5,,2024-05-04T00:57:42Z,sf-mensch,0,TEST_IMPORTED,cobc;tests,2,2,2,fixing typo,Adopted by the current-upstream suite lane (typo fix in run_misc.at)
a0937bf4920e68730746b89706a6edb1967184a9,,2024-05-04T00:26:13Z,sf-mensch,0,FRONTEND_REIMPLEMENTED,cobc;tests,6,63,37,fixing [bugs:#933] [bugs:#938] [bugs:#966] handling of broken expressions,Improve handling of broken expressions (recovery  no hangs  correct reject)
1b8af634e882db9e0a80bce46d97f24ca0eb58fb,,2024-05-03T23:43:53Z,sf-mensch,0,NOT_APPLICABLE_WITH_PROOF,libcob,1,1,1,fixing [r5244] fix...,None: BDB ABI comma fix (DB_VERSION_MAJOR >= 12)
442e6db6d430c208a42c1b25a6ccc870e5bddc12,,2024-05-03T21:05:00Z,sf-mensch,0,NOT_APPLICABLE_WITH_PROOF,cobc;tests,6,141,93,build and test fixes for Win32,None: Win32 build and test fixes
67f8f532e194db8d18365c20300c795e4fcf2c5b,,2024-05-02T20:49:07Z,sf-mensch,0,NOT_APPLICABLE_WITH_PROOF,libcob,2,9,1,follow up to [r5215] [feature-requests:#459]: support COLLATING SEQUENCE clause on SELECT / INDEXED files,None: COLLATING SEQUENCE clause on SELECT/INDEXED files follow-up
6a23e2ce5a8c0f37073853953be261f525614ff9,,2024-05-02T15:36:28Z,sf-mensch,0,NOT_APPLICABLE_WITH_PROOF,libcob,2,6,6,housekeeping,None: MinGW strcasecmp redefinition removal + whitespace
1ea4059c6547e62752e26debb3589ad7ddef8c55,,2024-05-02T14:37:26Z,sf-mensch,0,NOT_APPLICABLE_WITH_PROOF,build;config;docs,4,81,23,configure now uses pkg-config/ncurses-config to search for ncurses and honors NCURSES_LIBS and NCURSES_CFLAGS,None: configure ncurses detection via pkg-config
4695ee78629d659ab9c1ca6cacd04952c3469786,,2024-05-02T10:34:33Z,sf-mensch,0,CONFIGURATION_INTEGRATED,config,2,7,3,mf dialect: adjusted missing-statement configuration [bugs:#965],Adopt mf dialect missing-statement configuration
6fd7c72cd16e6b1ed50fab065a4443cf9d67697b,,2024-05-02T10:27:25Z,sf-mensch,0,NOT_APPLICABLE_WITH_PROOF,libcob,2,5,0,build fix [patches:#64],None: build fix (patches:#64)
8366e1be1cf82b9ee5b6337f032e614dda31737c,,2024-05-02T10:24:26Z,sf-mensch,0,NOT_APPLICABLE_WITH_PROOF,cobc;libcob;other,3,13,11,housekeeping,None: housekeeping (build_aux file removal)
87c4fb2905ed44a61b3b2cd3a947f2769275546d,87,2024-04-27T14:43:16+02:00,Fabrice Le Fessant,1,UPSTREAM_MERGE_ACCOUNTED,cobc;docs;tests,4,372,197,Merge branch 'gnucobol-3.x' into gcos4gnucobol-3.x,accounted (mechanical default)
82100d64de35c89ad5980d1b2c8d1ffdd3563570,,2024-04-27T12:34:56Z,lefessan,0,NOT_APPLICABLE_WITH_PROOF,cobc;docs;tests,4,372,197,Optimization of memory usage in replace.c,None: memory optimization in the C replace.c; candidate REPLACE layer is independent Rust
2e620aa926b6f73953ff438812ed1cf3e9f62d55,88,2024-04-22T14:09:01+02:00,Fabrice Le Fessant,1,UPSTREAM_MERGE_ACCOUNTED,cobc;config;docs;libcob;tests,21,1894,138,Merge branch 'gnucobol-3.x' into gcos4gnucobol-3.x,accounted (mechanical default)
7b6995042c4d224d7aed2827387278334b531d17,,2024-04-09T15:35:12Z,ddeclerck,0,RUNTIME_PORTED,cobc;config;docs;libcob;tests,21,1894,138,Add a profiling feature cobc: * parser.y: generate calls to 'cob_prof_function_call' in the parsetree when profiling is unabled  when entering/leaving profiled blocks * flag.def: add `-fprof` to enable profiling * tree.h: add a flags field to cb_goto  add profiling fields to cb_program  add cb_prof_call enum and export cb_build_prof_call and cb_prof_procedure_fivision functions * tree.c (cb_build_program): initialize the new profiling fields of the cb_program structure * tree.c (cb_build_goto): add a 'flags' argument (stored in the cb_program structure) * typeck.c (cb_emit_goto): add a 'flags' argument (passed to cb_build_goto) * codegen.c: handle profiling code generation under the cb_flag_prof guard libcob: * Makefile.am: add `profiling.c` to sources * profiling.c: implement profiling functions (time spent in each procedure of the program) * common.c: add 4 environments variables COB_PROF_FILE  COB_PROF_MAX_DEPTH COB_PROF_ENABLE and COB_PROF_FORMAT * common.c (cob_expand_env_string): add $b (executable basename)  $f (executable filename)  $d (date in yyyymmdd) and $t (time in hhmmss) * common.c (cob_set_main_argv0): extracted from cob_init * fileio.c (cob_path_to_absolute): extracted from insert and cob_set_main_argv0 config: * runtime.cfg: add COB_PROF_FILE,Implement the profiling feature for the interpreted candidate: -fprof flag; per-procedure time accounting in the interpreter; COB_PROF_FILE/COB_PROF_MAX_DEPTH/COB_PROF_ENABLE/COB_PROF_FORMAT env support; $b/$f/$d/$t expansion in env strings
89c45a3bc80c2ca6302382bd40fdc585436d65f9,89,2024-03-13T15:17:39+01:00,David Declerck,1,UPSTREAM_MERGE_ACCOUNTED,cobc;tests,3,48,4,Merge remote-tracking branch 'upstream/gnucobol-3.x' into gcos4gnucobol-3.x,accounted (mechanical default)
14f0d0908d985b7747ddcac00d8fbfc06092f1c4,,2024-03-13T14:09:59Z,ddeclerck,0,FRONTEND_REIMPLEMENTED,cobc;tests,3,48,4,Fix SEGFAULT in checking prototype arguments * cobc/parser.y: fix SEGFAULT when checking the BY VALUE arguments of a prototype with ANY LENGTH,Fix SEGFAULT when checking BY VALUE arguments of a prototype with ANY LENGTH (checker robustness)
a2a51fd5ea7f5f04f9c73b6203baa5edb6fbfd28,90,2024-03-13T15:02:18+01:00,David Declerck,1,UPSTREAM_MERGE_ACCOUNTED,cobc;tests,4,59,1,Merge remote-tracking branch 'upstream/gnucobol-3.x' into gcos4gnucobol-3.x,accounted (mechanical default)
61479ba0c7816ce62d9d559cce977f601d3dccc7,,2024-03-13T13:45:17Z,ddeclerck,0,FRONTEND_REIMPLEMENTED,cobc;tests,4,59,1,Fix [bugs:#947]: VALUE ALL '-' not working in SCREEN SECTION * cobc/parser.y (screen_value_clause): replaced basic literals by literals,Fix VALUE ALL '-' in SCREEN SECTION (literal handling)
57133577c7e5524f14cf3cb868df3c1fdbc21ad7,91,2024-02-20T15:57:49+01:00,David Declerck,1,UPSTREAM_MERGE_ACCOUNTED,cobc;docs;libcob;tests,16,673,70,Merge remote-tracking branch 'upstream/gnucobol-3.x' into gcos4gnucobol-3.x,accounted (mechanical default)
db7db96f8c08065e7b4d3c583799ce00ee24ce7b,92,2024-02-19T10:12:23+01:00,David Declerck,1,UPSTREAM_MERGE_ACCOUNTED,libcob;tests,3,199,194,Merge branch 'gnucobol-3.x' into gcos4gnucobol-3.x,accounted (mechanical default)
300b542f3caab9dac639e3eb62f60fdedb6c10a2,,2024-02-16T22:42:27Z,sf-mensch,0,NOT_APPLICABLE_WITH_PROOF,libcob;tests,3,199,194,fileio refactoring,Verify in Phase 2: fileio refactoring (native C internals); no candidate-visible behavior expected
4eece0f7ddccfe4ec685623bc6ea69b6b0eddc56,93,2024-02-03T10:31:50+01:00,Fabrice Le Fessant,1,UPSTREAM_MERGE_ACCOUNTED,cobc;docs;tests,12,276,23,Merge branch 'gnucobol-3.x' into gcos4gnucobol-3.x,accounted (mechanical default)
e36a124b2b7247b0b9bcded694ac3e007e461a01,,2024-01-31T18:06:56Z,lefessan,0,WRAPPER_INTEGRATED,cobc;docs;tests,12,276,23,Add options --copy COPYBOOK and --include HEADER to cobc,Implement --copy COPYBOOK and --include HEADER options (adopt source-location mapping)
2ff35a3e37259b1105a36950f6687624d91d763c,94,2024-01-31T09:43:53+01:00,Fabrice Le Fessant,1,UPSTREAM_MERGE_ACCOUNTED,cobc;docs;libcob,6,402,67,Merge branch 'gnucobol-3.x' into gcos4gnucobol-3.x,accounted (mechanical default)
47ffbd8363bf82482ef7ae3e6a8e9f53b24c1407,,2024-01-28T17:26:50Z,sf-mensch,0,NOT_APPLICABLE_WITH_PROOF,cobc;docs;libcob,6,402,67,improved performance for comparisons between numeric DISPLAY  numeric DISPLAY to literal  as well as BCD + ZERO and to other (and BCD zero) co-authored by @chaat,None: performance optimization in the C numeric comparison layer; candidate numeric layer is independent Rust
824f2a6445e0509068bb4639733de956632be151,95,2024-01-26T13:41:21+01:00,David Declerck,1,UPSTREAM_MERGE_ACCOUNTED,build;build_windows;cobc;docs;libcob;tests,15,241,63,Merge remote-tracking branch 'upstream/gnucobol-3.x' into gcos4gnucobol-3.x,accounted (mechanical default)
f9596f55fe49c96f278d228db05306bf1042b43f,,2024-01-25T14:14:37Z,sf-mensch,0,NOT_APPLICABLE_WITH_PROOF,libcob,1,28,26,fixing compilation of [r5215] - [feature-requests:#459] COLLATING SEQUENCE for [!WITH_DB],None: compilation fix for !WITH_DB builds
93d5877e42b1dea360c5d2fce98765fbe55b7f01,,2024-01-25T13:55:53Z,sf-mensch,0,NOT_APPLICABLE_WITH_PROOF,docs;tests,2,7,7,follow-up to r5208 'header include',accounted (mechanical default)
106e7ce6c98c88bad50e7882a753db165065895f,,2024-02-20T08:22:08Z,ddeclerck,0,NOT_APPLICABLE_WITH_PROOF,cobc;docs;libcob;tests,14,663,62,FR #459: support COLLATING SEQUENCE clause on SELECT / INDEXED files (currently only for the BDB backend) cobc: * codegen.c (output_file_initialization): output the indexed file/keys collating sequence (were already present in the AST) * tree.c (validate_indexed_key_field): process postponed key collating sequences * parser.y (collating_sequence_clause  collating_sequence_clause_key): replace CB_PENDING by CB_UNFINISHED on file and key collating sequence * flag.def  tree.c  tree.h  cobc.c  parser.y: add and handle a new -fdefault-file-colseq flag to specify the default collating sequence to use for files without a collating sequence clause libcob: * fileio.c (bdb_setkeycol  bdb_bt_compare  indexed_open  ...): take the file collating sequence into account when comparing keys * common.c  coblocal.h: rename common_cmps to cob_cmps and make it available locally,None: COLLATING SEQUENCE clause on SELECT/INDEXED files (BDB only) plus -fdefault-file-colseq flag affecting only indexed files
f059c849512a098aeaa12c780596ae16e05ef38b,96,2024-01-22T13:52:48+01:00,David Declerck,1,UPSTREAM_MERGE_ACCOUNTED,build;cobc;config;docs;libcob;tests,41,1552,605,Merge remote-tracking branch 'upstream/gnucobol-3.x' into gcos4gnucobol-3.x,accounted (mechanical default)
5d0eecfbdd6d5301312cedaaa4c988a612963de7,,2024-01-22T11:01:13Z,ddeclerck,0,NOT_APPLICABLE_WITH_PROOF,libcob,2,34,3,Fix random segfaults in cob_call_with_exception_check on Windows * common.c (cob_terminate_routines  cob_call_with_exception_check): add a mechanism to postpone unloading of modules when using longjmp  as this is not safe on Windows (its implementation of longjmp performs stack-unwinding),None: Windows longjmp module-unload postponement
2f9892458c548344e115404979a3961bb86ae3c7,,2024-01-22T10:48:02Z,ddeclerck,0,NOT_APPLICABLE_WITH_PROOF,build;cobc;docs;libcob,5,64,17,Fix bug #920: Codegen: output of integer literals in generated C broken with MinGW * configure.ac: add checks to allow using stdint.h and inttypes.h * libcob/common.h: use stdint.h and inttypes.h when available to define cob_s64_t  cob_u64_t and the various CB_FMT_ macros,None: MinGW integer-literal codegen + stdint usage
98a5c787c1e5e8ddcc868eaf64c74d35ec020ca6,97,2024-01-11T23:31:36+01:00,Fabrice Le Fessant,1,UPSTREAM_MERGE_ACCOUNTED,build;docs;libcob;other;tests,21,21912,19440,Merge branch 'gnucobol-3.x' into gcos4gnucobol-3.x,accounted (mechanical default)
12e31f960ebef69a1e8007b94734a53fcbad6168,,2023-12-14T17:18:16Z,sf-mensch,0,NOT_APPLICABLE_WITH_PROOF,build;build_windows;cobc;libcob,6,36,29,minor doc adjustments and build_windows/config.h adjustment for 3.3-dev,None: 3.3-dev build_windows/config.h adjustments
6e358998b272e6bc82094483102ea634b4ec133f,,2024-01-22T15:55:55Z,ddeclerck,0,TEST_IMPORTED,tests,1,29,28,Fix falses positives due to path differences in testsuite (run_misc.at) on Windows,Adopted by the current-upstream suite lane (Windows path-difference fix in run_misc.at)
44848f58b437cce2eac30106e79a7b943e899b7f,,2024-01-22T15:00:03Z,ddeclerck,0,WRAPPER_INTEGRATED,cobc;libcob;tests,6,83,6,Minor fixes * cobc/cobc.c (cobc_clean_up): when save-temps specifies a directory  do not move object files and preprocess files when they were specified as an explicit target on the command line (-E  -c) * libcob/common.c (cob_get_strerror)  libcob/coblocal.h: export as utility function * libcob/common.c (cob_expand_env_string): fix potention buffer overflow,save-temps directory behavior: do not move object/preprocessed files when an explicit target (-E  -c) was given; adopt env-string expansion overflow fix
140a030d52eefb0b197a2d994b52b3aefd020c35,,2024-01-22T14:35:37Z,ddeclerck,0,WRAPPER_INTEGRATED,cobc;docs;tests,7,93,0,New flag -fdiagnostics-absolute-path to display full paths within error locations * error.c (print_error_prefix)  flag.def: new flag -fdiagnostics-absolute-paths to print the full path of a file for diagnostics; this flag can be activated if your editor and build system do not correctly work together to locate files from diagnostic output,Implement -fdiagnostics-absolute-path flag (full paths within diagnostics)
777852c35adf44d44bb615cb5b479115307365ce,,2023-10-17T10:38:39Z,sf-mensch,0,TEST_IMPORTED,cobc;tests,2,35,5,testcase for [r5195] / [bugs:#923],Adopted by the current-upstream suite lane; the behavior it tests is ported with 303917744 (module constants)
303917744a6c7ce1bfad31a54f2e787fb1c54821,,2024-01-22T10:22:27Z,ddeclerck,0,FRONTEND_REIMPLEMENTED,cobc,4,79,35,Fix [bugs:#923] generated modules init/clear unused decimal constants,Generated modules init/clear unused decimal constants: candidate prepared-program must not emit unused constant state that alters module init/clear
f67da51cae38c4469e96af8d8c2339175ef61c79,,2024-01-22T09:41:20Z,ddeclerck,0,RUNTIME_PORTED,cobc;tests,3,88,21,Fix bug #917: segfault when accessing a decimal constant after calling a sub-program cobc: * codegen.c (codegen_internal  codegen_finalize): move declaration   of decimal constants from global storage to local storage to   fix bug #917 (segfault on decimal constant after CANCEL on   subprogram),Decimal constants must live per-module (local storage) and be re-initialized after CANCEL — candidate module state model
8e2ec25c26bcb09cb520431ee875bc2a13ddcc2d,,2024-01-20T23:59:15Z,sf-mensch,0,RUNTIME_PORTED,docs;libcob;tests,3,51,17,fix [bugs:#918] partial broken COB_LS_VALIDATE,Fix partial broken COB_LS_VALIDATE (line-sequential validation)
9d4be36a13eabf0a9c4a48a927eb4b00c151afdb,,2023-09-16T04:13:05Z,sf-mensch,0,TEST_IMPORTED,tests,1,5,3,correction of testsuite for [r5190],Adopted by the current-upstream suite lane (testsuite correction for r5190)
0b22d441757efc5fa1d18e0767bb54fb31203eb1,,2024-01-19T08:48:45Z,sf-mensch,0,RUNTIME_PORTED,libcob;tests,4,153,114,Fixing [bugs:#913] DISPLAY and ACCEPT with simple attributes SIGSEGV,Fix DISPLAY and ACCEPT with simple attributes SIGSEGV (candidate screen statements with attribute handling)
62b39805ca22be04c822267d2c90aaa6ef1e1610,,2024-01-18T22:29:33Z,sf-mensch,0,RUNTIME_PORTED,libcob;tests,3,166,9,Fixing [bugs:#914] CLOSE LOCK abends program on OPEN,Fix CLOSE LOCK abend on OPEN (file state handling)
04614ac7afd2b26cdd4431987996726ffaa8004b,,2024-01-17T06:54:02Z,sf-mensch,0,RUNTIME_PORTED,cobc;docs;libcob;tests,12,534,223,Optimizations and syntax checks for INSPECT related functions,INSPECT optimizations and syntax checks: frontend syntax validation + runtime INSPECT behavior alignment
28b02be15485a8802639b34c8381a4e785251ef6,,2024-01-16T19:17:07Z,sf-mensch,0,RUNTIME_PORTED,libcob,2,5,13,... fixed last commit that disabled code that is still used outside of experimental local checkouts...,Restore the cob_decimal_get_display sign-in-diff fix (numeric display sign behavior)
c3d5860bf219b0679e0771a0611cc91b61dbe3a1,,2024-01-16T16:08:22Z,sf-mensch,0,RUNTIME_PORTED,libcob,4,70,47,minor cleanup and optimizations in libcob,Adopt cob_add_int scale handling and packed_is_negative semantics (numeric behavior)
85dccf1c72fb4cf4a7ab32e313e09c0d2fbc7e33,,2024-01-16T14:48:04Z,sf-mensch,0,NOT_APPLICABLE_WITH_PROOF,cobc,2,10,3,missed commit of tree.h in [r5185],None: restores a missed tree.h hunk (codeoptim leading-zero skip) — native codegen optimization
470f7db125a42594bcc187b60c2d6757731758f0,,2024-01-16T14:35:18Z,sf-mensch,0,FRONTEND_REIMPLEMENTED,cobc;config;docs;tests,25,292,129,adjusted error handling,Adopt the adjusted error-handling behavior: error/warning selection  exit status  listings expectations (run_fundamental  run_misc  listings  syn_*); rm-strict.conf alignment
60557e874decb307c3cec459ca0f49e2756b27c1,,2023-08-22T07:38:54Z,sf-mensch,0,TEST_IMPORTED,tests,1,2,2,missing commit for [r5167] - version increase,Adopted by the current-upstream suite lane (version-output expectation in run_misc.at)
8208acac177e7d50ba68e99aa661b2f26c5a787a,,2023-08-22T07:35:17Z,sf-mensch,0,NOT_APPLICABLE_WITH_PROOF,libcob,2,6,2,missing commit for [r5167] - version increase,None: native version.h increase
c140aafc1568a20ebfd33e681445529603712bf3,,2023-08-22T08:24:31Z,sf-mensch,0,CONFIGURATION_INTEGRATED,build;docs,2,28,7,configure.ac: add -fstack-clash-protection to --enable-hardening[=no],None: configure.ac hardening flag is native C build infrastructure
0166302909e95c91105bcaa6b1d5b4b6c7647185,,2023-08-17T19:40:54Z,sf-mensch,0,RUNTIME_PORTED,docs;libcob;tests,5,67,52,fix [bugs:#904] MOVE PACKED-DECIMAL unsigned to signed leads to bad sign,Fix MOVE PACKED-DECIMAL unsigned to signed bad sign
c0d64addfd83baff21f089e0ab7c92609e291442,98,2023-08-15T20:30:26+02:00,Fabrice Le Fessant,1,UPSTREAM_MERGE_ACCOUNTED,build;build_windows;cobc;config;docs;libcob;tests,36,3360,284,Merge branch 'gnucobol-3.x' into gcos4gnucobol-3.x,accounted (mechanical default)
0ab36fd83692291d5ba8356df989d9757fa718b8,99,2023-07-26T15:33:34+02:00,Fabrice Le Fessant,1,UPSTREAM_MERGE_ACCOUNTED,bin;build;cobc;docs;libcob;tests,36,1853,707,Merge branch 'gnucobol-3.x' into gcos4gnucobol-3.x,accounted (mechanical default)
6b4405108a30455e4b460ee9f664c1cedb2e2899,100,2023-07-11T15:01:09+02:00,Fabrice Le Fessant,1,UPSTREAM_MERGE_ACCOUNTED,cobc;docs;libcob;tests,25,889,399,Merge branch 'gnucobol-3.x' into gcos4gnucobol-3.x,accounted (mechanical default)
2a101a4bffdb4e51d43afbbdcc1323c6dc7a785e,101,2023-07-09T18:31:20+02:00,Fabrice Le Fessant,1,UPSTREAM_MERGE_ACCOUNTED,build_windows;cobc;docs;tests,32,1747,555,Merge branch 'gnucobol-3.x' into gcos4gnucobol-3.x,accounted (mechanical default)
a4abf11bf1ccbac9e037f5743cd7b0747fdeea68,102,2023-07-05T17:32:51+02:00,Fabrice Le Fessant,1,UPSTREAM_MERGE_ACCOUNTED,cobc;tests,12,768,808,Merge branch 'gnucobol-3.x' into gcos4gnucobol-3.x,accounted (mechanical default)
4b8452abf1cafb904f1fe6966cbeeaa2a5f9d10a,103,2023-07-03T15:29:25+02:00,Fabrice Le Fessant,1,UPSTREAM_MERGE_ACCOUNTED,cobc,2,16,10,Merge branch 'gnucobol-3.x' into gcos4gnucobol-3.x,accounted (mechanical default)
57e7a2851308ba495fe974983e258dae5df8f2b9,104,2023-07-02T19:40:44+02:00,Fabrice Le Fessant,1,UPSTREAM_MERGE_ACCOUNTED,bin;build_windows;cobc;config;docs;tests,33,669,126,Merge branch 'gnucobol-3.x' into gcos4gnucobol-3.x,accounted (mechanical default)
743651ffd9714cb3a81500b59e9cfae99ea51db0,105,2023-06-23T14:40:23+02:00,Fabrice Le Fessant,1,UPSTREAM_MERGE_ACCOUNTED,cobc;libcob;tests,9,399,131,Merge branch 'gnucobol-3.x' into gcos4gnucobol-3.x,accounted (mechanical default)
cb5f7fa19a6c325861e63ccda64469fc6e7bac86,106,2023-06-21T16:05:59+02:00,Fabrice Le Fessant,1,UPSTREAM_MERGE_ACCOUNTED,cobc;config;docs;libcob;tests,25,236,77,Merge branch 'gnucobol-3.x' into gcos4gnucobol-3.x,accounted (mechanical default)
8caf9b25a444984ca4224e8b43662873479ba50c,107,2023-06-20T14:59:24+02:00,Fabrice Le Fessant,1,UPSTREAM_MERGE_ACCOUNTED,cobc,2,60,43,Merge branch 'gnucobol-3.x' into gcos4gnucobol-3.x,accounted (mechanical default)
2dc28255dbc8f7d85c9230e04b9e875ee2c10d91,108,2023-06-20T11:41:06+02:00,Fabrice Le Fessant,1,UPSTREAM_MERGE_ACCOUNTED,cobc;tests,3,179,4,Merge branch 'gnucobol-3.x' into gcos4gnucobol-3.x,accounted (mechanical default)
7ba3fb5bf898b1640be14894a1471e9c4eaed32e,109,2023-06-13T16:45:22+02:00,Fabrice Le Fessant,1,UPSTREAM_MERGE_ACCOUNTED,cobc;docs;libcob;other;tests,26,2598,1417,Merge branch 'gnucobol-3.x' into gcos4gnucobol-3.x,accounted (mechanical default)
8a0796d9f09a2f132893c03c17ba4fa947668cbb,110,2023-06-13T16:43:42+02:00,Simon Sobisch,0,CI_ONLY_ACCOUNTED,ci,1,4,1,CI: check for c89 declaration (#97),accounted (mechanical default)
cca51ff278372ede1944ab5a1a1fc5366649f7ec,111,2023-06-02T10:41:44+02:00,Fabrice Le Fessant,1,UPSTREAM_MERGE_ACCOUNTED,build;build_windows;cobc;docs;libcob;tests,38,30208,673,Merge branch 'gnucobol-3.x' into gcos4gnucobol-3.x,accounted (mechanical default)
1992539c4fde2605fb5d83da2cf215f16445db24,112,2023-05-24T16:07:22+02:00,Fabrice Le Fessant,1,UPSTREAM_MERGE_ACCOUNTED,build;build_windows;cobc;docs;libcob;tests,38,42545,10928,Merge branch 'gnucobol-3.x' into gcos4gnucobol-3.x,accounted (mechanical default)
fcd562f0f1cc35f1872dbeaa7d14a3b48bde5ff1,113,2023-04-20T17:21:25+02:00,Fabrice Le Fessant,1,UPSTREAM_MERGE_ACCOUNTED,build;cobc;config;docs;libcob;tests,45,14995,1343,Merge branch 'gnucobol-3.x' into gcos4gnucobol-3.x,accounted (mechanical default)
7981d8aff1b1a16033fa260e0220d50327de8d5b,114,2023-04-12T10:25:17+02:00,Fabrice Le Fessant,1,UPSTREAM_MERGE_ACCOUNTED,build;cobc;config;docs;libcob;tests,43,986,571,Merge branch 'gnucobol-3.x' into gcos4gnucobol-3.x,accounted (mechanical default)
3d48698fb76e41cb6d198362b4010778279d966e,115,2023-02-21T13:42:37+01:00,Fabrice Le Fessant,1,UPSTREAM_MERGE_ACCOUNTED,build;cobc;config;docs;libcob;tests,16,1589,1515,Merge branch 'gnucobol-3.x' into gcos4gnucobol-3.x,accounted (mechanical default)
bdd8837832d4c17d7ed8e505e9fc73a708f8ecd0,116,2023-02-20T22:27:40+01:00,Fabrice Le Fessant,1,UPSTREAM_MERGE_ACCOUNTED,cobc;config;tests,6,54,12,Merge branch 'gnucobol-3.x' into gcos4gnucobol-3.x,accounted (mechanical default)
2ca79d6ae9dde6d90b0c55dfac9134b06761875b,117,2023-02-11T20:59:45+01:00,Fabrice Le Fessant,1,UPSTREAM_MERGE_ACCOUNTED,build;build_windows;cobc;docs;libcob;other;tests,60,3218,1739,Merge branch 'gnucobol-3.x' into gcos4gnucobol-3.x,accounted (mechanical default)
608eac1800e0fd59e6104aa12cf3bbdbd4dcae0f,118,2023-02-10T17:10:09+01:00,Fabrice Le Fessant,0,NOT_APPLICABLE_WITH_PROOF,other,1,271,0,Recommit ar-lib,accounted (mechanical default)
200150f627aa7a585a48f8eca47f8ca1c7a10750,119,2023-02-10T10:08:35+01:00,Fabrice Le Fessant,0,NOT_APPLICABLE_WITH_PROOF,other,2,1,271,remove ar-lib from GIT,accounted (mechanical default)
b63bf71a12b42777a9204651ed782c76d0f959b2,120,2023-02-08T23:46:25+01:00,Fabrice Le Fessant,0,NOT_APPLICABLE_WITH_PROOF,other;tests,2,54,0,Add autofonce configuration,accounted (mechanical default)
d4f364e44ee1411fecccc72c47bc9f28e9f12e45,121,2023-02-02T12:17:29+01:00,Fabrice Le Fessant,1,UPSTREAM_MERGE_ACCOUNTED,tests,3,13,11,Merge branch 'gnucobol-3.x' into gcos4gnucobol-3.x,accounted (mechanical default)
7fd5d4936b2b996e43f756a027a3d1236f74b8b1,122,2023-02-01T10:18:31+01:00,Fabrice Le Fessant,1,UPSTREAM_MERGE_ACCOUNTED,cobc;config;docs;tests,8,175,20,Merge branch 'gnucobol-3.x' into gcos4gnucobol-3.x,accounted (mechanical default)
9df05779b4cd1058ee2acc18347e33f84d90509e,123,2023-01-30T19:02:18+01:00,Fabrice Le Fessant,1,UPSTREAM_MERGE_ACCOUNTED,cobc;config;libcob;tests,17,375,287,Merge branch 'gnucobol-3.x' into gcos4gnucobol-3.x,accounted (mechanical default)
d15d131af589322cb660fd19537f27d9078f36b0,124,2023-01-28T22:30:41+01:00,Fabrice Le Fessant,1,UPSTREAM_MERGE_ACCOUNTED,cobc,3,63,27,Merge branch 'gnucobol-3.x' into gcos4gnucobol-3.x,accounted (mechanical default)
db33c36f7670b928f8347233745bed6af3a817e9,125,2023-01-26T22:01:20+01:00,Fabrice Le Fessant,1,UPSTREAM_MERGE_ACCOUNTED,cobc;config;docs;libcob;other;tests,60,2867,2858,Merge branch 'gnucobol-3.x' into gcos4gnucobol-3.x,accounted (mechanical default)
f550c9b865f1c31109c67a41623aa4cc603594e5,126,2023-01-23T16:51:59+01:00,Fabrice Le Fessant,0,CI_ONLY_ACCOUNTED,ci;other,4,88,41,Add working Github action files  except for Windows (#79),accounted (mechanical default)
516b813b3ca05ecbc732efdf359ca77db89af449,127,2023-01-19T09:40:07+01:00,Fabrice Le Fessant,1,UPSTREAM_MERGE_ACCOUNTED,bin;build;build_windows;cobc;config;docs;libcob;other;tests,96,5189,2795,Merge branch 'gnucobol-3.x' into gcos4gnucobol-3.x,accounted (mechanical default)
91b7781e801f1270c05011650060acab6bafbe90,128,2022-12-15T10:07:08+01:00,Nicolas Berthier,1,UPSTREAM_MERGE_ACCOUNTED,cobc;tests,6,118,42,Merge branch 'gnucobol-3.x' into gcos4gnucobol-3.x,accounted (mechanical default)
fe93f0d3b36da7adfdf9968c14821effca40ef1d,129,2022-12-13T14:51:53+01:00,Nicolas Berthier,1,UPSTREAM_MERGE_ACCOUNTED,build;build_windows;cobc;config;docs;libcob;other;tests,61,2081,868,Merge branch 'gnucobol-3.x' into gcos4gnucobol-3.x,accounted (mechanical default)
5a1ed6ffe5bdab7db8444523ef739cfc705fdaa9,130,2022-12-08T09:25:06+01:00,Nicolas Berthier,1,UPSTREAM_MERGE_ACCOUNTED,cobc;tests,4,372,18,Merge branch 'gnucobol-3.x' into gcos4gnucobol-3.x,accounted (mechanical default)
757ff9b2f769dd13e7f1d106d9af16536ee4ed8e,131,2022-12-06T23:02:52+01:00,Nicolas Berthier,1,UPSTREAM_MERGE_ACCOUNTED,cobc;docs;libcob;tests,12,603,466,Merge branch 'gnucobol-3.x' into gcos4gnucobol-3.x,accounted (mechanical default)
62dd11b8b92d60fc0fb897bc4ebdeb763e44670a,132,2022-12-05T11:26:02+01:00,Nicolas Berthier,1,UPSTREAM_MERGE_ACCOUNTED,build;cobc;config;docs;libcob;other;tests,45,1215,606,Merge branch 'gnucobol-3.x' into gcos4gnucobol-3.x,accounted (mechanical default)
d3c0b2f18bfc441f0a71bef267d653b7090440f3,133,2022-11-18T20:01:48+01:00,Simon Sobisch,0,CI_ONLY_ACCOUNTED,ci,1,1,1,improving MacOS CI,accounted (mechanical default)
173790f1ef60789991ff2d417b83a466bce48a76,134,2022-11-15T15:58:07+01:00,Nicolas Berthier,1,UPSTREAM_MERGE_ACCOUNTED,cobc;tests,3,22,17,Merge branch 'gnucobol-3.x' into gcos4gnucobol-3.x,accounted (mechanical default)
0a62bc915695cfd1a12813c81e0ecd8505a21868,135,2022-11-15T11:17:53+01:00,Nicolas Berthier,1,UPSTREAM_MERGE_ACCOUNTED,cobc;tests,3,60,10,Merge branch 'gnucobol-3.x' into gcos4gnucobol-3.x,accounted (mechanical default)
0ac36ad45763304c9a9e7c2540a6468f66a82691,136,2022-11-08T11:27:25+01:00,Nicolas Berthier,1,UPSTREAM_MERGE_ACCOUNTED,bin;build;build_windows;cobc;config;docs;libcob;other;tests,134,39066,20932,Merge remote-tracking branch 'upstream/gnucobol-3.x' into gcos4gnucobol-3.x,accounted (mechanical default)
1c7abb41b18541391d83f55e8720c8b2380c2cdd,137,2022-10-05T13:34:49+02:00,Nicolas Berthier,1,UPSTREAM_MERGE_ACCOUNTED,cobc;tests,4,49,15,Merge branch 'gnucobol-3.x' into gcos4gnucobol-3.x,accounted (mechanical default)
6ff12e91dc106d5eff09874b138c7c9fbed40073,138,2022-10-04T17:46:24+02:00,Nicolas Berthier,1,UPSTREAM_MERGE_ACCOUNTED,build;build_windows;cobc;config;docs;libcob;other;tests,54,8710,6561,Merge remote-tracking branch 'upstream/gnucobol-3.x' into gcos4gnucobol-3.x,accounted (mechanical default)
87051279e6a615eefe43b4a36272cb54e3fb09ac,139,2022-09-30T11:26:09+02:00,Nicolas Berthier,1,UPSTREAM_MERGE_ACCOUNTED,cobc;config;libcob;tests,15,855,347,Merge remote-tracking branch 'upstream/gnucobol-3.x' into gcos4gnucobol-3.x,accounted (mechanical default)
24f2a1036db879bc7e333f69a9f83170c0de6c18,140,2022-09-30T09:40:20+02:00,Nicolas Berthier,1,UPSTREAM_MERGE_ACCOUNTED,ci;docs,2,5,0,Merge pull request #62 from nberth/fix-ci,accounted (mechanical default)
b3afd7a81daea5a62c529a694e83629aedfe13fc,,2022-09-30T09:25:51+02:00,Nicolas Berthier,0,CI_ONLY_ACCOUNTED,ci;docs,2,5,0,Fix ubuntu CI,accounted (mechanical default)
a5ea0d5c93ec681e2552b903c27badc9c3aed2e3,141,2022-09-27T10:27:28+02:00,Nicolas Berthier,1,UPSTREAM_MERGE_ACCOUNTED,cobc;docs;tests,19,479,317,Merge remote-tracking branch 'upstream/gnucobol-3.x' into gcos4gnucobol-3.x,accounted (mechanical default)
41e53b7db427298bd95f86003ead2c1d3cf2d3ed,142,2022-09-25T21:46:05+02:00,Nicolas Berthier,1,UPSTREAM_MERGE_ACCOUNTED,cobc;config;docs;libcob;tests,34,1119,172,Merge remote-tracking branch 'upstream/gnucobol-3.x' into gcos4gnucobol-3.x,accounted (mechanical default)
d7db95f773952dcaaabd7cc43f96a056f7e59b1b,143,2022-09-22T12:32:07+02:00,Nicolas Berthier,1,UPSTREAM_MERGE_ACCOUNTED,cobc;config;docs;libcob;tests,18,1447,461,Merge remote-tracking branch 'upstream/gnucobol-3.x' into gcos4gnucobol-3.x,accounted (mechanical default)
1c3569d3a8d39e6345e22db2cb24e060baa2257f,144,2022-09-20T13:54:06+02:00,Nicolas Berthier,1,UPSTREAM_MERGE_ACCOUNTED,build;build_windows;cobc;config;docs;libcob;tests,18,810,361,Merge remote-tracking branch 'upstream/gnucobol-3.x' into gcos4gnucobol-3.x,accounted (mechanical default)
cc3f6677dd171884099758d12a80f917ff484a00,145,2022-09-01T09:49:12+02:00,Nicolas Berthier,1,UPSTREAM_MERGE_ACCOUNTED,cobc;tests,12,460,397,Merge remote-tracking branch 'upstream/gnucobol-3.x' into gcos4gnucobol-3.x,accounted (mechanical default)
6fec839eae019e20a04b4bcb484bc92c67b9a314,146,2022-08-25T10:33:21+02:00,Nicolas Berthier,1,UPSTREAM_MERGE_ACCOUNTED,cobc;config;libcob;tests,36,1557,522,Merge remote-tracking branch 'upstream/gnucobol-3.x' into gcos4gnucobol-3.x,accounted (mechanical default)
a913f3c96decd62ffc8c13e84966867fac85c9be,147,2022-07-29T22:52:23+02:00,Nicolas Berthier,1,UPSTREAM_MERGE_ACCOUNTED,cobc;config;docs;tests,33,197,87,Merge branch 'gnucobol-3.x' into gcos4gnucobol-3.x,accounted (mechanical default)
e2505a60f8be5e38bdaaee1ebefefc0e44b5a105,148,2022-07-27T16:20:47+02:00,Nicolas Berthier,1,UPSTREAM_MERGE_ACCOUNTED,build;cobc;config;docs;libcob;tests,46,1294,421,Merge remote-tracking branch 'upstream/gnucobol-3.x' into gcos4gnucobol-3.x,accounted (mechanical default)
e07100c7ce2aa276175391a5dd5db447e7e06aca,149,2022-07-25T14:56:30+02:00,Nicolas Berthier,1,UPSTREAM_MERGE_ACCOUNTED,bin;build_windows;cobc;config;docs;libcob;tests,48,1664,844,Merge remote-tracking branch 'upstream/gnucobol-3.x' into gcos4gnucobol-3.x,accounted (mechanical default)
4c04ed86e8371966bafc6f50a06a570aac496994,150,2022-07-22T09:17:07+02:00,Nicolas Berthier,1,UPSTREAM_MERGE_ACCOUNTED,ci;docs,2,5,1,Merge pull request #54 from nberth/fix-ci,accounted (mechanical default)
1dae6bf280a79dbc7a92539ec3acc46cafab0463,,2022-07-20T23:32:00+02:00,Nicolas Berthier,0,CI_ONLY_ACCOUNTED,ci;docs,2,5,1,Fix handling of quotes in testsuite artifact name,accounted (mechanical default)
6a24f9a47e65479de572b13acdfb0321f9254529,151,2022-07-08T10:20:09+02:00,Nicolas Berthier,0,CI_ONLY_ACCOUNTED,ci,1,3,3,Disable automated windows CI workflow,accounted (mechanical default)
8c6cafb8b4a4b5bd288d3fb14bc74a47c35e5a19,152,2022-07-07T18:04:41+02:00,Nicolas Berthier,1,UPSTREAM_MERGE_ACCOUNTED,ci;docs,4,150,13,Merge pull request #41 from nberth/fix-ci,accounted (mechanical default)
42008b0709600348a05026b813f402d6e5ea9d76,,2022-07-07T17:44:47+02:00,Nicolas Berthier,0,DOCUMENTATION_TRACKED,docs,1,4,0,Add ChangeLog entry about coverage artifact,accounted (mechanical default)
da9db1e4a01c90121afd67194ff461747e4f967b,,2022-07-07T15:52:39+02:00,Nicolas Berthier,0,CI_ONLY_ACCOUNTED,ci,3,15,14,Adjust macos & windows CIs,accounted (mechanical default)
6301de737d0787f250a41b5b56730f9eac1fb5f7,,2022-07-07T15:00:34+02:00,Nicolas Berthier,0,CI_ONLY_ACCOUNTED,ci,1,91,15,Use ubuntu CI to measure coverage,accounted (mechanical default)
b203d95dc32977d0d72d030546c78ea2bfbfb76f,,2022-05-20T16:06:09+02:00,Nicolas Berthier,0,CI_ONLY_ACCOUNTED,ci;docs,4,62,6,Use github actions to emit a distribution archive and test logs,accounted (mechanical default)
a070a64abef88afd9c78b54d3445f32bc51355fd,153,2022-07-07T13:57:30+02:00,Nicolas Berthier,0,NOT_APPLICABLE_WITH_PROOF,other,1,72,6,Update .gitignore,accounted (mechanical default)
c8c789911a52a39c9a52870c3fa7a47ffd6ecd8b,154,2022-07-07T13:12:12+02:00,Nicolas Berthier,1,UPSTREAM_MERGE_ACCOUNTED,bin;build;build_windows;cobc;config;docs;libcob;other;tests,57,2141,752,Merge remote-tracking branch 'upstream/gnucobol-3.x' into gcos4gnucobol-3.x,accounted (mechanical default)
5b54e1c993e9ec4113f926f2f4993957ef3708ea,155,2022-06-16T13:18:25+02:00,Nicolas Berthier,1,UPSTREAM_MERGE_ACCOUNTED,build;cobc;config;docs;libcob;other;tests,38,974,894,Merge remote-tracking branch 'upstream/gnucobol-3.x' into gcos4gnucobol-3.x,accounted (mechanical default)
197398dfd15aa02d2471216bac38998ba7fba7ef,156,2022-05-19T16:27:56+02:00,Nicolas Berthier,0,CI_ONLY_ACCOUNTED,ci;docs,4,111,51,Improve setup for CI jobs  with temporary focus on branch `gcos4gnucobol-3.x`,accounted (mechanical default)
a86cb1055aeb9e8cc8cc52e6d39efd84fd58c732,157,2022-03-29T17:31:48+02:00,Nicolas Berthier,0,DOCUMENTATION_TRACKED,docs,1,4,0,Thanks OCamlPro contributors,accounted (mechanical default)
8ea9ac449c986a65299ad015c9930c977bf909cb,158,2022-01-28T15:27:32+01:00,Nicolas Berthier,0,NOT_APPLICABLE_WITH_PROOF,cobc;config;docs;libcob;other,5,7,4,Redispatch ChangeLog entries,None: ChangeLog entry redispatch only
289c9aef58a9acbb934eb2e69022b9fa6018baf8,159,2022-02-04T15:06:14+01:00,David Declerck,0,CONFIGURATION_INTEGRATED,cobc;config;docs;tests,10,955,6,[GCOS] Add GCOS configuration file,Adopt the GCOS configuration file
27788c5941de36ab174fbe1ae179c1e933eafaab,160,2022-02-04T12:20:24+01:00,David Declerck,0,CI_ONLY_ACCOUNTED,ci;other,6,207,0,GIT-specific settings  with CI setup and github workflow for Ubuntu  Windows and Macos,accounted (mechanical default)
